-- MySQL dump 10.13  Distrib 8.0.18, for Win64 (x86_64)
--
-- Host: localhost    Database: certificados_tecsify
-- ------------------------------------------------------
-- Server version	8.1.0

/*!40101 SET @OLD_CHARACTER_SET_CLIENT=@@CHARACTER_SET_CLIENT */;
/*!40101 SET @OLD_CHARACTER_SET_RESULTS=@@CHARACTER_SET_RESULTS */;
/*!40101 SET @OLD_COLLATION_CONNECTION=@@COLLATION_CONNECTION */;
/*!50503 SET NAMES utf8mb4 */;
/*!40103 SET @OLD_TIME_ZONE=@@TIME_ZONE */;
/*!40103 SET TIME_ZONE='+00:00' */;
/*!40014 SET @OLD_UNIQUE_CHECKS=@@UNIQUE_CHECKS, UNIQUE_CHECKS=0 */;
/*!40014 SET @OLD_FOREIGN_KEY_CHECKS=@@FOREIGN_KEY_CHECKS, FOREIGN_KEY_CHECKS=0 */;
/*!40101 SET @OLD_SQL_MODE=@@SQL_MODE, SQL_MODE='NO_AUTO_VALUE_ON_ZERO' */;
/*!40111 SET @OLD_SQL_NOTES=@@SQL_NOTES, SQL_NOTES=0 */;

--
-- Table structure for table `certificados`
--

DROP TABLE IF EXISTS `certificados`;
/*!40101 SET @saved_cs_client     = @@character_set_client */;
/*!50503 SET character_set_client = utf8mb4 */;
CREATE TABLE `certificados` (
  `id` int NOT NULL AUTO_INCREMENT,
  `nombre_certificado` varchar(100) NOT NULL,
  `fecha` date NOT NULL,
  `impartido_por` varchar(100) DEFAULT NULL,
  `evento_perteneciente` varchar(100) DEFAULT NULL,
  `estado` int DEFAULT NULL,
  PRIMARY KEY (`id`)
) ENGINE=InnoDB AUTO_INCREMENT=34 DEFAULT CHARSET=utf8mb4 COLLATE=utf8mb4_0900_ai_ci;
/*!40101 SET character_set_client = @saved_cs_client */;

--
-- Dumping data for table `certificados`
--

LOCK TABLES `certificados` WRITE;
/*!40000 ALTER TABLE `certificados` DISABLE KEYS */;
INSERT INTO `certificados` VALUES (1,'Redes Híbridas ','2023-09-26','Dennys Emmanuel Tezén Guerra','COECYS',1),(2,'El Papel Fundamental de la Inteligencia Artificial en la Cuarta Revolución Industrial ','2023-09-26','Josue Rodolfo Obregon Velasquez','COECYS',1),(3,'Keras for fun and profit','2023-09-26','Adrián Catalan','COECYS',1),(4,'La Investigación en las Ciencias de la Computación','2023-09-26','Kevin Adiel Lajpop Ajpacajá ','COECYS',1),(5,'Usando Kubernetes y Raspberry Pi para crear proyectos de hardware','2023-09-26','Sergio Arnaldo Méndez Aguilar','COECYS',1),(6,'Tendencias Tecnologicas para Emprendimientos en Guatemala','2023-09-26','Maria Mercedes Zaghi','COECYS',1),(7,'Aprende a desplegar tus aplicaciones en Google Kubernetes Engine (GKE)','2023-09-26','Yolanda Lopez','COECYS',1),(8,'Cómo integrar a la gente con la tecnología, factores psicológicos que no se pueden obviar','2023-09-26','SAÚL ENRIQUE MORALES GALINDO','COECYS',1),(9,'Aplicaciones de Inteligencia Artificial','2023-09-26','Jossie Bismarck Castrillo Fajardo','COECYS',1),(10,'Introducción a blockchain timestamping','2023-09-26','Rafael Cordon','COECYS',1),(11,'Ciberseguridad y la protección de datos personales','2023-09-26','Luis Felipe Figueroa Molina','COECYS',1),(12,'La ruta para el emprendimiento','2023-09-27','Francisco Sandoval','COECYS',1),(13,'La Revolución Tecnológica, desde la computación hasta la inteligencia artificial','2023-09-27','Ali Arafat Lemus Monterroso','COECYS',1),(14,'La investigación en las ciencias de la computación','2023-09-27','Kevin Adiel Lajpop Ajpacajá ','COECYS',1),(15,'Collab a través de Python para Analitica de Datos','2023-09-27','Marlon Francisco Orellana López','COECYS',1),(16,'ChatGPT Prompt Engineering para Desarrolladores','2023-09-27','Ali Arafat Lemus Monterroso','COECYS',1),(17,' Las pruebas y las herramientas de Inteligencia artificial','2023-09-27','Rocio Crystal Hernández Camacho ','COECYS',1),(18,'Políticas de Tolerancia a Fallos en Microservicios en el ecosistema Java','2023-09-27','Max Alejandro Antonio Cerna Flores','COECYS',1),(19,'Power Platform','2023-09-27','Harold Josue Moises Abraham Ochoa Guerra','COECYS',1),(20,'Que es RPA y su impacto en los procesos de negocios','2023-09-27','Luis Felipe Figueroa Molina','COECYS',1),(21,'Python e iA para automatizar el análisis de documentos','2023-09-28','Emanuel Cifuentes','COECYS',1),(22,'Responsible AI','2023-09-28','Douglas Barrios','COECYS',1),(23,'Implementando la comunicación basada en eventos con .NET Core','2023-09-28','Geovani de León','COECYS',1),(24,'RES Infraestructura como Código con Terraform','2023-09-28','Christian Marlon Renato Fabián Natareno','COECYS',1),(25,'Factores de Éxito o Fracaso en proyectos de Software','2023-09-28','Elmer Arcadio Miculax Vásquez','COECYS',1),(26,'AI Generativa','2023-09-28','Cristian Lavarreda ','COECYS',1),(27,'La red oscura, clandestina y prohibida a tu alcance a pocos clicks.','2023-09-28','Pedro Pablo Hernández Ramirez','COECYS',1),(28,'Cómo me volví un profesional de Ciberseguridad','2023-09-28','Amilcar de León','COECYS',1),(29,'Building Event-driven Architectures','2023-09-28','GUSTAVO ADOLFO GAMBOA CRUZ','COECYS',1),(30,'Orquestación y Gestión de Contenedores en la Nube: Una Guía Práctica','2023-09-28','Jose Yapur','COECYS',1),(31,'Cloud Computing & Virtualización','2023-09-28','Katzuyoshi Aizawa','COECYS',1),(32,'Oracle Autonomous Database: Transformando el Mundo de las Bases de Datos','2023-09-29','Héctor Emilio Méndez Solis','COECYS',1),(33,'OCI PARA TODOS: Descubre las posibilidades del free tier','2023-09-29','Luis Fernando Mazariegos de León','COECYS',1);
/*!40000 ALTER TABLE `certificados` ENABLE KEYS */;
UNLOCK TABLES;

--
-- Table structure for table `certificados_por_usuario`
--

DROP TABLE IF EXISTS `certificados_por_usuario`;
/*!40101 SET @saved_cs_client     = @@character_set_client */;
/*!50503 SET character_set_client = utf8mb4 */;
CREATE TABLE `certificados_por_usuario` (
  `id` varchar(100) NOT NULL,
  `usuario_id` int DEFAULT NULL,
  `certificado_id` int DEFAULT NULL,
  PRIMARY KEY (`id`),
  KEY `usuario_id` (`usuario_id`),
  KEY `certificado_id` (`certificado_id`),
  CONSTRAINT `certificados_por_usuario_ibfk_1` FOREIGN KEY (`usuario_id`) REFERENCES `usuarios` (`id`),
  CONSTRAINT `certificados_por_usuario_ibfk_2` FOREIGN KEY (`certificado_id`) REFERENCES `certificados` (`id`)
) ENGINE=InnoDB DEFAULT CHARSET=utf8mb4 COLLATE=utf8mb4_0900_ai_ci;
/*!40101 SET character_set_client = @saved_cs_client */;

--
-- Dumping data for table `certificados_por_usuario`
--

LOCK TABLES `certificados_por_usuario` WRITE;
/*!40000 ALTER TABLE `certificados_por_usuario` DISABLE KEYS */;
INSERT INTO `certificados_por_usuario` VALUES ('000bba45-0f97-4e40-9046-ae5d60d03f2d',981,6),('0012019d-1e97-4944-9c38-3973549cb92f',1135,24),('00665b03-48b9-49c2-9a88-9e7a69e47f2e',631,6),('006d06e1-f2e4-458e-a790-a99266b20bfc',818,8),('009ee6ee-74fb-4521-af4c-25824c8514f4',838,28),('00a5e74c-2641-4acd-b1f2-a98a357f1d7f',533,9),('00bd7a8b-02e2-425d-8164-a7ed0c44849b',693,8),('00f9bc7e-7706-4340-86cb-0b13d5268572',597,9),('01229dbe-e6bb-42eb-9164-001ebfa136a0',582,7),('014914f0-c2f0-43d9-bac0-f2a1e9973445',802,27),('01658f56-afb0-457b-ba3f-3c3124a54c8b',1060,21),('016ae659-5122-4326-aa5f-a62cf9216c82',1106,17),('019503c1-14e9-42e6-afdd-5707c676fedd',577,2),('0195cc64-9fa8-4f1f-944f-504b6a85caf1',985,6),('01c05457-ebd1-486c-babc-224f0b917833',632,28),('01d27ac8-af91-400e-a06b-d40ddf428b8e',839,13),('01e16c4a-8f25-45d5-b8b1-b77f742c398a',598,2),('01e2cb5e-e890-4b45-a694-8236092b72d7',957,13),('01eaecfb-c629-4bf4-8202-5fed198e30c8',567,27),('01f2622f-8646-42d2-949a-87ee9bbccb57',632,17),('01f7229f-141e-4354-9b77-60ed8eb45e85',894,23),('021a72b0-91fc-4184-9662-47ad5deca004',850,5),('02765d11-3af3-43e1-a281-ac4126d1dfcb',718,2),('028e6b29-8698-43d9-9f26-cbb7e34f5a39',621,9),('02b98cb0-0b12-46a2-b69c-e4b8e35dd3ab',621,13),('02bd349e-0036-4e26-9335-cbbc48cbf82b',565,25),('02c25a6f-3682-4c57-a23e-51961054e161',603,8),('03080907-841c-44d1-a1ab-76a5d8d6e76d',536,32),('030f2e3c-4a05-4a5e-aaf3-b8bbd22fe477',855,14),('03499da6-91eb-4c6b-8758-773820306b1a',616,24),('034b0343-febb-4bb9-892a-818aa1b67d02',598,4),('03b8c1c7-c0b6-4186-bf5f-34e9756a3796',871,13),('03da820c-de5c-470c-8dc6-2e98162637ec',1165,24),('03ee1c4a-a35e-41d8-b812-84142786e3cc',600,1),('03ff9c44-b8a5-4f66-98d2-c4b0c0cc0ffc',692,2),('04061fb6-7b06-4723-9386-b50ff376d03f',955,14),('040f393b-96e4-4fa3-8c2d-adfee958d9e9',1110,23),('04343466-0a5b-4aff-8c54-f3b3640dd84f',587,17),('045a0da1-c698-4283-b5ee-3d0a1be61d79',689,2),('046d3089-7db2-42ad-be57-e797fff45033',1112,28),('04a0a6a4-66fa-418f-a5bd-c9bcc58e8d49',1140,26),('04a1f83d-3d3b-463c-ba57-69553036df68',578,16),('04a2fc9a-e556-4424-bf0b-4e6189f86f56',1110,17),('04adf3ed-464f-4ec2-9a0f-2d59b65c4506',576,3),('04dd8805-5346-4a45-a470-d885b171a1ec',903,19),('04deda9c-092b-4764-bbd0-9d64e9131a53',659,2),('050395b9-b1a6-4c7b-b395-4ad6da9318b2',770,9),('0506956d-9d07-41c7-a171-7f56ed7f5ba2',718,11),('050f9b4e-bfd5-45c6-9180-95d89d90894d',982,13),('051ae859-ae98-43c2-9b3b-9a50b72b8c85',610,24),('05219f0f-64bd-4993-946a-43453d78cb4b',604,1),('05394dfd-c8fd-4f09-9ca5-c84f8eb959c3',941,25),('053d9572-9b83-454b-ab14-228d6de4b7da',612,2),('0541b60e-5153-4e25-9cac-de2aa549ac97',776,24),('05433c3d-69a9-4ae4-891b-db7598d7eaa0',571,21),('0546e47f-139f-458f-a641-1c04261c0b53',982,7),('056d2e01-5536-4857-8fc6-3b6045bec38e',733,23),('058b1778-d178-4793-80aa-7a2a0232b0e5',616,20),('0591ada1-a486-4943-87cb-7c7e6c436a5c',586,3),('05a070a0-ecf8-4c0b-bdba-c07e58bf227d',925,11),('05ac70cf-0ec8-44e4-ad7c-75761801fcd8',627,11),('05f08285-ce48-4880-a8c2-79502e9003f1',758,2),('06048f7e-0634-4fa1-bf77-edc02e666ab4',888,24),('061c858e-3a90-42e8-95a7-4db2ed9dc3f7',608,20),('062e1021-2cef-469a-afc7-eb5018efd27d',953,31),('066fa051-7614-42b4-8571-324f731ba04e',880,17),('06715732-9288-45e5-9722-d4e800a52d17',528,12),('067abc0f-7bc3-43ae-8258-7f39224ca0a7',595,14),('067dce1c-586c-4dd0-b3fd-aa28e8e952c9',604,31),('06885f4e-326a-44dd-9212-151259d0aac2',983,7),('0688d4f4-3183-4e30-90a7-f2b9ee962139',603,11),('0690e2e9-99fd-4e75-a2f0-6ff248d5fe24',983,6),('06964716-8ddb-404a-9227-9e63f00b013f',893,19),('06ab547f-651f-4110-ba25-23c2c974f595',599,10),('06b67b19-b1c6-4428-8a71-a8bf68d46679',650,2),('06d154fb-62b3-4872-acc9-00b1d4ddbf7d',787,8),('06d2d8e3-32b9-46de-b8e7-56bf58590b2e',599,2),('06e874b5-8cbb-423f-96c0-5c4614b53dc8',593,16),('071955f3-3e88-44cc-b6aa-131d7a6243c0',548,3),('07344eaa-949c-4f2a-9044-13c0a948e3eb',559,4),('07507b01-10b9-41aa-aec1-2fdb0e5bd828',1180,25),('07620bda-4528-4346-af38-15384a34d9a3',613,23),('077ecde1-7747-4527-9ff7-ca82ef609ef6',848,14),('07858e20-2f1c-41be-a3c1-c096dd6c3fc0',1084,16),('07a8faaf-a090-4b41-8170-668e908048c2',1074,13),('07ee46c9-e16e-4517-8a50-fc395c0750c6',643,24),('080aa8ae-1c66-4402-b946-4c70741cc043',818,24),('08209900-fbb4-4b37-ab11-c8153d032998',576,16),('082c0a83-713a-4207-a439-2a25b6ce1ebe',767,23),('0891e11e-1adb-4a85-9a01-4c80498fcbd8',887,16),('08978469-7286-49a0-ad81-c4e537c67406',875,9),('08a2af69-16e9-4239-84bc-f6af450001aa',854,13),('08abec5d-0722-4858-865f-dfa544ca73df',535,22),('08cf0755-9e10-4830-8b6f-27052c5a5405',1168,24),('08f6c785-d784-4404-af8e-3eb9417bc67d',1058,32),('08f85806-fe46-4018-b9e5-82ac83a804e0',678,10),('0906770d-ca42-4a8d-b51a-cc8f38c21ea7',757,2),('0907a1fd-00cb-47d6-bba1-236ffb3a4504',593,5),('09128f43-5eb8-4836-9da9-58160fddc2c1',603,7),('0913157b-f07c-4dc5-abe8-7f6909766bc3',928,24),('091b2123-1035-4db0-8e18-ddc5ed1fc39b',663,2),('0939011b-b1b7-44a9-999c-f4defb6c2abe',558,15),('094187b5-7957-4054-9af9-1ccdf73af949',915,8),('09901a01-72fc-47c5-8ac9-f69c51658456',561,25),('0a29d608-269d-4f8a-a159-bf488143ffc4',655,2),('0a2f03db-c386-47b0-855f-592a19f21cba',962,11),('0a30f726-666b-4dd3-b2db-4738c4ec336b',588,32),('0a340bcd-ccab-4517-8954-15a215e0aafa',894,24),('0a56fc16-a287-42fb-8943-c9c20e9a76b3',604,17),('0a700597-3ecf-477d-b196-b3e864c8b4e6',553,16),('0a7aab8f-db94-4355-81f1-57c30ee4600c',1151,26),('0a7b8dc9-4cc0-4dfa-97e3-7953c672f2ce',1134,19),('0abc756d-1142-4e78-9c76-de4c9380a847',648,6),('0ae96322-cafd-4900-b14d-d419a5686212',628,6),('0b0bf178-52be-4f4b-96ba-bb1df591e530',687,2),('0b21d484-2fd0-4ee6-a55a-f8d56fdf7c84',597,15),('0b343e86-e257-4439-95cd-c9adc9d9b4d4',567,5),('0b346e93-0126-4bbf-81b5-cb14b3c13046',1135,19),('0b40613a-95f0-42f0-9431-32f5e72d3e3b',621,2),('0b4471e8-52d9-475f-bf2f-fa46387ab440',550,15),('0b848729-189c-42f2-8210-ad89c5066d29',1045,10),('0bca371e-186c-4929-8fe7-caacd6233a56',880,27),('0bcfb022-eb82-472c-8a0f-0a00ffb1ac89',587,4),('0c17fec7-a4d0-4b34-8c0e-d885d2e3c301',803,8),('0c62a03e-0ebe-4b67-9d2e-71603ef72a6b',601,3),('0c67ec13-16e2-410b-8d4a-185345095658',1102,17),('0c8e1b71-ca9f-4746-82c0-b242d4b3ce5c',772,10),('0ca21a8e-5333-44f7-8fad-b425bd0480bf',883,8),('0cbc06e1-ab15-4392-ac7c-cb05061ed395',823,26),('0ce781c2-6549-401a-8940-75c11df3ffe0',603,16),('0d02918a-932f-47e5-94df-7b9108ef262d',738,14),('0d0e256b-69dc-43b7-a8dd-8775de3217cd',694,9),('0d0edf60-5e04-4292-bccb-e7ddd69f4399',880,29),('0d1cd0b5-613a-48cb-add3-8de7d84140a1',824,5),('0d365d63-2278-49ac-bb54-9ce7566f43be',1193,28),('0d5403ce-0d42-4183-b304-428381deb84c',733,19),('0d663e65-741e-47df-a20a-e4ed21c4fb0d',658,9),('0d7625b3-53b0-47cd-b3cc-0cb30dad8f8a',875,21),('0d771761-1206-410f-845c-628cc622af8a',1001,27),('0d79dd67-9061-4499-9c2c-54e972f3f42a',691,2),('0d821b29-01fc-4feb-91b6-66e585c0c3cf',564,16),('0d875a11-ed01-49d3-9152-b41982818c95',603,31),('0d896d91-7496-46c9-ad0d-d8a07a1c99ec',1042,11),('0da17717-ded0-4f96-8106-fcd4c85a193c',894,6),('0dad95ab-7f39-44b1-8191-7b274bc5bc7d',556,1),('0dc595b6-056b-44e3-b14d-2e687e7adf44',1077,13),('0e036cb7-4c74-4d3a-b840-4ef425dd3fcb',567,7),('0e1020b4-6d2c-4c61-b358-865ecc82eddc',558,5),('0e36f802-dae9-4e63-a6c4-77202a968e4a',587,25),('0e3eed11-298d-47ae-9f21-2478f6cbde81',897,22),('0e546323-c84c-49a4-a97d-6031d16610d0',1182,25),('0e610c0f-e597-433c-b2b1-f1d5eb848d7b',886,24),('0e81614e-ad67-4ea0-be8e-5190aa6912e1',1110,24),('0eaca0f1-7ef2-4eb5-b477-74a03044767b',577,17),('0ec7bb53-5315-4646-9b4e-a246d02486a7',768,6),('0ee987cc-3617-49a5-9148-65ecf1f3fc59',553,26),('0f0976cb-5ac1-4973-9e1b-229a923cd628',551,1),('0f0c409d-8b6b-4233-8e38-96127b741c59',1077,14),('0f0e5a8b-8d57-4f0f-ae47-951c4521b56f',533,7),('0f1358d6-38db-4bed-a936-50a45b0556f1',616,8),('0f1f65ef-16a6-4b37-a650-f94333516da9',845,4),('0f1f8715-3130-400e-a6b2-628a2670e27d',878,12),('0f24ded9-4835-4909-b47e-c97a727a1c32',610,2),('0f2ac033-aa26-413c-b0f7-8b20636ddd5f',977,26),('0f2dff81-c1ac-4e32-9d86-5c0db5e82cff',1060,13),('0f3a9fe4-ca29-4c44-bd67-5f6ccbc844e5',698,2),('0f472f9b-b9a0-4a7a-b5a2-76b9b301c559',780,15),('0f7df808-5b1d-46de-a322-a89c7ffa04e3',1133,19),('0f9fb9aa-a591-4695-8d34-ac422c565cb3',1043,11),('0fabeec5-bf66-4e43-b541-748e657e29ac',1056,27),('0fbab930-dd18-4b70-ae56-19608a14eef6',1028,10),('0fd20c2b-1cf8-4df4-bfe3-446893d30425',733,8),('0fe05fb8-861e-47cf-bd54-d6efc2aa276f',838,14),('100c95bf-c1ba-47b7-a8cc-9641465be73a',1155,24),('10243663-32be-46e4-9349-1b68d13d757d',771,9),('10340eeb-da82-470a-bf8f-520d6ce26540',1055,33),('104614db-892e-4536-81a4-7938fc689627',908,24),('107c9cc5-eaba-4822-8c36-638ccb3b2857',586,12),('108d3967-358c-42c5-bb62-8f5fc6f1c0d2',576,1),('10927768-4efb-48e8-9aa4-2e136a198c80',536,1),('10ac89a6-47ab-407b-a7e4-b1c72988b066',616,19),('10cdd0e0-b90a-4d84-a5e6-bdc857864acd',605,20),('112761a6-2b68-4f5d-92ea-cba3972ef4cd',552,5),('1129ae20-6113-463d-bd9d-8f3462a8c2dd',1063,14),('11375e4c-e8bc-49db-81b6-a54ffb25379b',580,24),('116c4408-ac28-47a8-94ed-500642674529',998,26),('11896693-b858-43f7-908c-969f11db4951',926,6),('119331f6-2138-492b-8e29-27ff70548290',528,7),('119dc36a-35fe-450f-9d2f-d203ef3bf405',887,6),('11a32811-1a2f-403f-94fa-5f94b1a1d4b3',602,7),('11e44ac8-8cb4-4b47-8722-a1fc5dcaf50a',632,20),('11eb78b2-ada1-40f8-a424-e6a12d0b2382',596,1),('11f05a1b-930a-439d-90cb-e12f12d21a01',883,19),('1200436d-2413-4677-8a86-7f07d66d2227',864,7),('1205ebd6-0e45-46f4-8b00-aacea78903a6',662,9),('12295dff-c1d8-49ad-b5d4-417db25a2a48',538,5),('1264607b-c7c2-402f-b09f-ea5fa5e911d1',752,2),('12816639-9937-4e8b-afb6-933964e51a64',572,13),('128a7b79-a229-4d08-9234-392a86ae0b5f',765,2),('12a5f4e8-ab2f-4a8c-9db9-4409961d038c',671,13),('12b3e1b1-ead5-4fb2-8101-0673f5496fdb',691,9),('12becc5c-d16d-4bdb-8a1a-693eceb19021',1088,14),('12c3332e-5322-4621-b885-446a46f864c8',574,22),('12df3f28-2dce-40d1-8ec9-f4cee64b3b1b',819,3),('130d82eb-6221-477a-8d52-d4a8325375a0',552,1),('1310fc9d-717e-4158-af9a-50e00675f995',973,6),('1312028d-87a9-44fc-9655-b2aca32c27f9',878,13),('13190c41-00f0-443e-aa8c-0456f1a77262',535,25),('134ff237-be46-49c4-8a40-2f2856462ecd',794,6),('1381a5e7-bcd4-4727-ac2b-917059a3f744',603,6),('138736d2-4dcb-4eb1-aada-5418c55035f6',548,5),('13a0cb84-84bf-4784-9bd8-0c2ca839b4c8',627,28),('14242711-9d6b-4107-a8a2-039321103f0f',933,6),('145027f6-466d-4ed2-9cb7-72fda95a10e6',773,23),('1478d8af-d340-4252-9627-2c72f38c3fc7',964,6),('14895d63-4d75-4471-8f4d-5c6ec7fe9962',970,24),('148a4fbb-3556-43ae-8365-2093f06c1bad',1126,20),('1490273d-4d7c-4e55-be50-10f91243371a',757,28),('14a9b8df-b8b7-4d6f-a8e3-a6561303f38c',532,3),('14ac21b3-4739-48ff-9182-0c10f51f4660',763,9),('14ac95bd-9709-4881-8849-847ec871d448',994,8),('14cb3aab-d425-4972-8494-7cdd3d2c274c',1072,16),('15176d31-25a3-4c3c-8c01-1c5e0bdbda2b',795,10),('151add7a-00de-4f93-8f53-0868b98c00dc',666,2),('15200a2d-29d5-452c-badf-fa254454023a',834,15),('15258f84-1d75-48ed-93a8-3e35940282ad',750,17),('155e633d-aedf-4529-bdc7-af8c162295e2',627,2),('1581ca29-4bca-41ad-87b2-58a28f78ce3c',603,12),('158ac184-1fb2-45bf-a57e-2e0886268214',546,9),('15986464-45c8-4629-9ce4-7eedcd3921a1',1048,11),('15a21598-ed88-4431-ac4f-eac4686e3257',1130,17),('15a4d69f-03e0-47d5-82d7-e4a54bbae820',597,16),('15ede57a-b603-413f-a1e1-6a2d207f756a',697,6),('160d1982-3fe6-49da-a46e-46719a58398e',538,27),('163abe52-bfd0-43ea-81ef-27572a09e5d6',616,17),('164aa092-26f9-463b-a3be-ecc482c66a59',880,7),('166258d1-e7f7-4647-a7f8-0d5bd58d4577',756,8),('166d5e30-5e03-4b77-a5ce-a8cbb99b7d3c',597,12),('1692bebf-ba8a-4ddf-9b0b-87c6cf76fb91',1078,21),('16943352-7ce4-464d-87a0-6b57cd6bfb59',553,12),('169b0ec5-de8b-4862-832b-c14741251ce8',572,25),('169e62e5-6778-4d16-98c6-094a981bf73c',596,8),('16b0b1ea-baa7-44ee-a1cc-fcbb68290c81',867,32),('16ce298f-2a2f-440c-8322-f711c979077c',1083,14),('16ceb7f8-45f5-4d20-ae22-28787c7d8e37',960,19),('16eb7793-b4eb-42f5-8015-425ef8295c90',555,6),('17861539-f59c-45a9-955c-cdf5976d72cc',793,25),('17ba45b8-23b9-46d2-900a-8607048349a6',596,14),('17d33fe4-35c3-4667-9f49-58c25fb1cbbf',1150,31),('17dd1059-6bbf-4efc-9d9d-fe255925500c',933,17),('17e42e07-9bb0-4177-a1e5-5adb6eec966c',593,12),('17ebe46a-718c-47b7-9afe-db011d278fac',605,9),('17fcab56-b89a-4d6e-a985-3ed51aaf3109',577,24),('182c4af2-0dc0-4a13-86e6-32b13db0ab52',886,23),('18462c93-ba78-41db-a6c1-54ca6946b3a7',1121,17),('18568859-c1b6-47a9-9620-3806e90db109',916,24),('1857b454-e6de-4e13-b3a5-f403d15c2e9f',900,24),('185d453e-ce5c-46c2-a361-c24fc263d874',932,26),('18641cb8-128b-40aa-8c01-bcc834353785',784,9),('18a19f03-adfe-410b-b1d0-a4f65e401a15',566,1),('18a248e4-e77b-4f1f-b4d3-475e5bc79961',761,2),('18a4848f-02a2-49e0-b138-7c7908cdbeeb',1061,18),('19109dc9-b293-4e25-8d6b-796692ba6167',1171,24),('191493fc-a4d0-4ef4-a49f-a1ee74436341',634,24),('191db49a-c25a-4714-9fc0-e218ca575a03',616,23),('192192cf-9b14-4338-a06c-46accf9ad721',781,17),('19247e9c-6d33-4e55-961a-635a83109c1e',990,6),('1926f40c-4de5-4941-8a68-0f934f44b20b',549,15),('1987e56f-8364-476e-8453-89cf11368f4f',875,25),('19a14373-c232-4d31-8027-7f8837b219f6',532,4),('19a28e80-e845-4a71-824d-eef82a6d54df',865,14),('19aa5616-a45d-4140-8634-a296b687dbc4',1017,8),('19ab707f-aefa-4a8d-8550-b2cf429070a3',829,20),('19e40a63-3a2c-42d5-bffe-92c24313e0b1',982,16),('1a12c42d-ba1d-407c-bcb1-7f0b12893170',652,17),('1a136b26-9283-47a6-bcfe-6f16ff28f714',827,4),('1a3194d4-97a8-430a-99b5-d9ab371e2e2b',563,14),('1a598998-7418-4dca-9010-5d02c845752a',715,2),('1a75febe-1a5e-4374-a01c-3cef912c90a7',1057,14),('1a833860-b938-48b9-b715-932d0be34533',621,26),('1a8641ea-411d-49e7-b6c2-c037f7f92fe9',856,16),('1a9bf32f-571e-48fc-9abe-e5bccc2108b6',1096,17),('1aa27296-06f5-477e-84a1-bb85ed97b4b6',1063,21),('1abac1a1-7133-479a-bf41-8e2a16411eff',839,7),('1ae78d48-4770-49d2-96f3-29432a2fa998',925,6),('1af184cb-e769-4447-8fac-58667a788a9b',651,2),('1afc3431-27cd-40cf-a891-f96ab3f0a980',629,11),('1b049221-0017-4186-abd5-fe6b55e8072d',888,28),('1b095481-24dd-4a15-a353-09a71d2c9489',685,17),('1b2f7bd0-1431-471f-a614-0301d3820751',972,24),('1b3dc252-42aa-4de1-bc66-d0d85d76eae1',613,2),('1b59528a-ef2e-4142-82da-ee4e17ee39b7',738,6),('1b6c3832-40f6-4d89-b036-26fbd337161f',565,1),('1b756fcc-ecea-4f7e-b00e-ff20249f4408',594,3),('1bc46414-3962-4f4c-8cf7-b90b72ea1a90',786,9),('1bcd4cfd-ace6-4b62-a11c-c29b6f21496b',1046,10),('1bddd2f0-47a3-49ec-8ebe-c1d90d38d5bb',653,20),('1c04f805-5150-478b-b698-84dc1e1e0aea',879,15),('1c06f70c-9eea-43e7-b3fb-a2186608e9d5',543,4),('1c2b5174-faf4-4ac1-b46e-5dd97536f3a8',593,8),('1c369cb2-3226-424f-8c4f-40cd4aa1ba8c',693,24),('1c4f9c94-03c6-4430-8da2-a057832e0f48',1033,15),('1c4fbb0c-fd4d-4ad8-9b41-c59f8708bc84',875,7),('1c8a24f9-64da-41e3-9afa-ec8452311320',919,6),('1c9b071c-d28f-426e-b379-3fbaea42748d',1002,10),('1cbdce89-9192-43df-a72f-88b81f853af2',609,2),('1cd702c1-3aed-4bbd-980c-72dc953d21ee',596,9),('1ce1b649-3306-46ce-a7bc-e8a501657dd7',549,4),('1cec68d0-fbb6-427e-b0f5-cab54ccd3606',1053,13),('1d146f42-c1e7-4a3e-86fb-e847cefa863c',970,6),('1d2432d3-7284-40bc-b3f1-ee643746fd01',575,4),('1d2996f4-dee6-4aa4-8541-511c9f044f0b',1154,23),('1d3cea7a-6b41-494c-87a4-42f8c7a71058',1077,26),('1d4903f3-3348-4ad5-b0c5-161eaed4661c',665,2),('1d5f4425-493d-4027-811b-6e15d65bfbaa',589,1),('1d825ae9-681f-46ff-85a4-080477b6d6f7',846,4),('1da3bdfb-a538-4243-af36-5aaedfb4dda9',587,8),('1daf9ace-0362-4336-8b1e-8d2b23ec7eb0',998,21),('1dd50b95-3fdb-4d17-8132-1f7f6c3ba719',932,6),('1dfaf53b-70b0-46a5-b313-6b20b9db0a41',767,11),('1e0b6fc6-ef4c-4a52-ad41-0ac32001fc7f',1053,22),('1e11954f-42de-4d48-b92a-dba94362c46c',1159,24),('1e28fcab-fda3-478b-b7c4-1b8b830594d8',870,14),('1e5ba9d8-fd6a-4417-9c17-480fad81bd1c',617,15),('1e5dcb36-c1f7-4a1c-811f-18952692bcc4',556,7),('1e6c3d02-30f9-47a2-8799-05307eb8e9d1',543,23),('1e6d7394-e174-440f-9d4f-a18a6da25a76',1022,9),('1e7c2474-ec63-4c2f-a7ec-706e771ab62f',557,5),('1ea4109c-f08c-4270-8ed6-7c4031234cc3',694,8),('1eaddea7-274e-4c97-bc1e-9638d357daaf',648,10),('1eae3254-4a21-4a21-957a-003661e96308',561,1),('1eb7b335-7d57-4f5e-b876-6b014813fd1d',954,28),('1ec8519b-d803-496e-a55d-c0434248f1fa',792,28),('1ef32649-45e9-4f82-8ac5-1a749164fcd1',1097,17),('1efb412f-dfe9-4f64-b8db-38e48bc6a45c',549,12),('1f0a7f6d-9774-4879-9a73-4d08152f0629',816,5),('1f28ba3b-032e-4f68-8ab2-9c6b294acc13',586,26),('1f617129-965f-4a72-b293-988d8d62a2bf',563,9),('1f905fb3-4abb-417c-b17e-2e47c5a6bf24',616,6),('1fcd7214-f814-41b9-850a-f1ff292f7ec1',854,14),('1fd2ff29-08b6-4173-9b5d-3c4b5149eaab',1003,31),('1fe702f9-cc32-47b1-a63b-1d3058a70e86',675,2),('20019a13-49c0-45d8-8b43-464b379545cc',571,14),('201a261a-2dc1-4690-8909-4ab57dbd20ec',561,17),('201a48d4-a43e-4adf-b3d3-4a94ada57a2a',1182,26),('2039472c-564b-416e-9da1-07750f61affb',687,20),('2058cab0-02f8-464d-a301-bd9c5041d9b8',685,9),('20790aa6-3195-4bbe-b6e8-5cfc54ab0515',1002,28),('2086dc08-679c-4ab4-bd44-0a713670568a',921,20),('2089f8a1-acd3-4d30-90c2-7ebef37fe316',821,3),('209e1aab-c65c-4115-a956-598aa3a9eac9',802,2),('20ed65a3-8b97-40d2-9b52-2b4fc0dda3f6',871,18),('20eda0c4-0c27-4d27-bd2a-13cae0e6789e',699,8),('20fa4736-0d75-4454-89d3-75a8ea81a713',715,17),('214c3578-f03b-4724-8a25-c7a77920196f',676,6),('21733761-bd0b-4656-a6fb-ac56a4a88484',855,6),('21a45344-bfdb-4ca6-80ed-b7603c673c24',744,2),('21b08af6-15ab-4334-b9c0-bb6744ef95b7',749,2),('21d99a73-c5c8-436f-a21e-4d2b1fb3e0bb',1178,26),('21e35931-80c3-419a-a226-0f668b55681d',753,2),('21e4e073-6af7-4ef2-950d-e4e5de0b9e8a',1070,16),('222adc1e-d665-4f12-b6be-1faa59c35d29',539,24),('2240e47f-523b-4d22-9d17-f96d4557c296',898,6),('224ffa1b-e465-4c97-8df3-a08e743bf90b',1144,26),('22594678-31c1-4132-a088-17b8ee237b15',997,9),('226437f9-4773-4024-96a7-00d4a95b0968',1039,25),('2265f3bc-85e4-42c1-8c57-cec9ea0f6636',1146,21),('2285ca87-9214-4a20-84ea-08247775fec8',830,8),('22aab3c9-e6e6-4ab9-9e47-8310022c8cf0',1056,25),('22c905cb-5a92-4932-aba7-8ecc944eb51f',886,17),('232f224b-9a63-42b1-9c1a-ec8129eb75f2',663,13),('233c001c-a40c-43ab-9f84-7526664827bb',875,26),('236c20c3-c1d3-4b92-83ec-6cd0fa30a669',1096,24),('237e421d-3e32-43fb-8ebb-c4879fe18e4f',544,13),('238d40a2-5e74-4b78-9693-81c21215f9a8',603,29),('23c077b4-2c17-43a3-a757-995b2cfe5b09',804,6),('23d65d44-6fb5-45a6-84c2-caaf2c5c6239',836,31),('23e93fb3-9ba4-42c6-b309-0811d47b0dee',989,6),('23fd9984-9c38-4bf0-a0a5-434e44d7d7cf',992,6),('24359588-7a93-4536-9f8b-f4e5c61dd053',678,8),('2436fe71-882d-4821-b909-08bd063f1ae0',593,3),('247ed28a-8066-4f20-894c-9ae70e651fe2',659,24),('24a05f36-d38d-438a-acb9-c9959d044ed7',878,33),('24ac5eb0-bfc2-4bd6-893b-1b8f0a574c33',549,1),('24ca0761-f7ef-4371-b77b-8877194bbfd1',789,2),('24ce4acd-1faf-4d5b-bb33-bcfa4cd809fa',785,6),('24d25e67-b907-444a-8c9a-35fb5fd122f0',596,6),('24e3b41b-14a3-46f0-abe5-69284dc70b41',798,2),('24fc3410-6829-465c-a7c4-3a6c1ed7a932',630,16),('24fd6808-c7ff-4b77-8b6c-eccd9701798e',1144,21),('2503a3e0-5a42-4f65-a13c-f74b0d9ae46e',620,11),('25099f23-8244-494c-8657-0c5d0715dd38',1105,23),('254bb9c2-daac-4765-be6b-5eab139df96d',948,6),('255b78c0-0c4b-4aea-ae2d-18b30e8c5490',617,2),('255ef74b-f954-453f-b0ae-b0f2ac248d16',678,2),('2580a919-4bec-4aeb-a3a9-c5b66c53e73c',1053,14),('25a25d54-231f-4732-9f11-153cf696b32e',817,16),('25ee2c2a-2a6d-418f-9953-cadb2b5533db',527,4),('2604f6b4-422b-4a27-b548-d8b223f5b375',760,2),('26289ec1-f55c-4398-957a-26bfde812965',957,33),('2643823d-0644-4daf-99ab-6ddc2e36bdc9',787,2),('26533a33-7480-4c18-8692-a3f104ddda92',1071,13),('266e8b07-c96d-4c8c-955b-aef6f6ddeee2',766,2),('2680caca-0f16-43a8-9a1f-a879f9871e44',981,13),('26c2d863-4afd-4680-b57e-e92e16f86912',1167,30),('26d084df-2352-43c9-b96f-c7af59f650fb',1150,21),('26e17780-eff6-46ef-a6bc-e243cb8c30d8',815,4),('26f1a075-0df0-4a3f-83a9-bd9781134202',738,9),('26ffdc39-28af-4fad-8515-7c37e439c251',829,17),('270787c4-ae37-4257-a525-50045c697162',892,13),('270e1559-613b-486b-82e7-ae19ae1fe862',943,13),('270ff7de-5700-4df5-b8c7-4a0f2274785a',1122,17),('27206259-4f8b-478f-8f2a-c71d1316c4c8',601,8),('273750a5-1da6-4447-be28-d3fffbc5b897',657,2),('274b1445-3bf9-4c5a-9f40-9cf86c142193',946,6),('274e6973-bc47-453e-9373-8f2641b30243',554,27),('2763c10a-f703-49d5-a587-575c16fbefbb',704,28),('27783c76-eec6-4777-ba80-65b4484d72c9',901,10),('278c9743-0329-4979-9c40-3b8b54eacf30',555,16),('279043d5-f59e-43d9-b04c-63737bbbfc3c',1040,11),('27a51365-94c0-4e5f-b76c-59630025b89b',807,2),('27acbc95-2b6d-44cf-8a75-968560790bd7',538,18),('27d7e587-f7c8-4aba-adae-4163ece8c568',986,11),('27dede6a-4218-4d0e-9755-49b8b11fa817',900,20),('27f2e3c8-d774-49bd-afd3-022f21bc5675',796,11),('27fed521-0db3-4ea8-bcf5-bb5464769459',604,5),('2804d12c-9866-4a0f-b5e0-9572e71496eb',552,26),('280f514e-1e55-4b5a-a9ba-39b25518767d',1050,14),('2833df27-7038-4c54-acc8-3fe364af0dad',1181,26),('286aa4cc-de62-4d0e-8bff-3cb9d04da831',944,17),('286b2fde-1dc9-47f3-880b-12184d0bf60b',624,6),('2897cfac-234b-4327-bd6b-7e6fbb5020d4',604,3),('28baf836-fe8a-420a-9b8f-488a94dedece',1001,26),('28c95d9b-93e7-4eea-9614-6e993178c677',577,5),('28d1cbfe-bf92-4024-9498-494804d2f1c5',1055,15),('28d939c4-69a4-4098-9edb-f5b0f3e1ec62',900,6),('2911549d-a1ca-4f57-9d62-c06689702e86',574,27),('295f8613-dab7-472e-9277-58db7513bbf3',919,14),('296c9622-7766-4810-9597-d6f8ccdf5c56',597,20),('297b2a6e-9d37-48b4-b851-00c8680e219b',1059,12),('29bc497a-902a-4469-b3a4-77f99f5eadd2',933,11),('29c46192-030b-4e86-96ee-a23eb32da67f',916,6),('2a156184-084c-421b-b851-790766afb941',556,9),('2a44d193-6a37-444f-9abd-384b263f19de',907,6),('2a527ce4-b160-4965-b1a6-6e8c0eef68a3',683,23),('2a760fa3-8496-4a16-b1c3-c103a24e346d',714,33),('2a8d72e6-87da-41e0-8720-0f1ad41482c8',1147,26),('2a9322c2-6f4a-4d5c-a662-857d77b62f41',594,9),('2a9cad90-50e1-4e65-99d1-de774e58946d',735,2),('2abda079-e324-4bac-b4d4-c0731fdcc14f',798,19),('2acb8c64-ea71-4342-a294-e622df75ac01',553,9),('2ad94900-e266-4da2-a092-6a9edf4a642d',570,14),('2ade872f-f2e2-4776-9548-e762c135adaf',604,21),('2af1bbdb-36a5-43ee-98c5-d3833ddbe7df',658,2),('2b07bc7e-76c1-4970-bf95-bdddfc4abce0',570,16),('2b0cdee4-af5c-47f0-b63b-139f1738d883',961,6),('2b1df553-add7-4429-a0ec-1dd1226f29ee',880,9),('2b38fd70-5e4b-49e7-a1ac-04b7360f4898',954,11),('2b3dcbc9-041c-4a68-b31d-ae519ff9dbea',1045,11),('2b552997-7545-4575-97ec-c81c9ff178a4',603,23),('2b5d0edb-ed98-4995-88e2-a2c6c7a5c90f',794,2),('2b7b3cff-400b-48a3-b0d2-3574139975ed',582,12),('2ba53b14-3f30-4bb2-b04c-b516a0e9bad3',761,30),('2c3a8550-1f49-4cf3-8db6-b78bdf2a6926',1181,27),('2c47dea5-bd00-4dd6-9d63-6fc896f6211b',897,24),('2c5c75f2-f9e1-4ff6-9137-d36c84afc8ab',881,10),('2c6848c6-32f2-4662-ac23-547382c19fd2',982,6),('2c7f73df-72d7-4343-8b73-e58cc8bcd6bf',571,32),('2c8b74bf-2e8d-44d3-8643-f523702c34d6',1180,26),('2cb48687-5075-4825-b629-fda8d29add3f',967,13),('2cd42d43-314f-4020-9176-dc2dfb01e404',950,6),('2cd8aee4-5d52-4f6e-8473-a7968952b885',733,2),('2cfbeb3d-9254-40c5-86c0-9ebbf763506b',548,11),('2d1bcd92-273f-4c2c-b81d-c677e0152279',1103,17),('2d2b1480-163d-4d4a-bfe3-219c389fcc61',802,33),('2d43154a-83ac-404a-806b-eb173116e88e',620,8),('2d4e4969-6e2c-4d65-9c22-f1e736cbf7bd',597,14),('2d4fc401-5d97-4b56-9323-27e4eecdfef1',1191,27),('2d782c85-b5ab-4e2e-9197-ec3d5c2a1dbc',530,1),('2d7e75e8-6562-46af-9df6-364a9c9d48fd',770,32),('2d9beb53-ccc8-4ce9-bb6c-90316bf521cc',749,17),('2dac2d47-9b07-41ad-9886-b356b9055e2a',973,33),('2dbaaf9e-be14-47e1-b04e-255beb4a9e53',1077,18),('2dd4a9ed-8404-4363-9078-d6ce9747044a',1196,28),('2df96f8b-ea9b-440b-adaa-46ff03f64aee',816,4),('2e060ad1-ae99-45ff-992b-3560b939c23e',532,17),('2e1caa75-5eef-4397-8ee2-cb8a7cd3a4b3',604,10),('2e34186e-6a65-4252-8b27-e10b6bf31660',731,2),('2e5324fb-62f1-4381-96ed-1ac8a7413225',1200,31),('2e75833f-8f4f-4e43-8cae-9be534d18c69',540,1),('2e9e5f20-0de9-48d1-8344-a093641d4b88',1129,17),('2ea2ef55-c34c-420a-9451-9dd18d86bcd3',1177,26),('2eaf98ab-3fa3-4f1e-86a4-e441e151ccc1',564,21),('2ee0726d-849c-4e1a-857b-b93ba0778c71',1043,10),('2ee3184f-4633-44e4-b730-b69ab4461d4b',1131,18),('2f03cb84-96ea-4260-a7db-f9d79bd88674',669,31),('2f0ac4ab-b4a4-4c22-a5d4-11ce5dc0a823',1146,25),('2f184d5f-1a07-4cf4-be7a-d2764d3e4982',590,32),('2f1951d0-f21e-4844-8dea-0dd1d26a8802',643,10),('2f1cad7e-f284-4611-9e27-8ede30c3b177',796,31),('2f2153b2-6418-4f00-a4be-9f79a215389d',1057,15),('2f221d94-e24a-4ef1-81a8-ab615e374cc7',1151,25),('2f31d3fe-8094-4836-ab99-19100d5b7077',812,17),('2f33c206-32a7-42cc-bea7-79945a1615be',726,2),('2f3caf46-63ea-45b0-b761-d615bc8a3b2d',974,6),('2f5f593e-b2b1-4f8c-b3f6-61def36b90c6',536,27),('2f675677-dc89-43b3-ba78-17af47af3e65',881,6),('2f67a9b2-16c4-48ca-8951-0a8ef83d8798',1050,16),('2f6984ff-c4c4-45d6-a1c8-10f5a7681d82',1068,28),('2f748245-2088-4f3e-9ddb-f15ed2958fa8',915,17),('2f91813c-39ea-4b2c-b9ef-583af061e9f9',693,23),('2fbf0564-9dbf-41d8-941a-2a4ad9af148a',653,28),('2fd6b6be-1187-4bab-81e6-0eb62ff8f456',997,7),('2fdb11e9-05ff-4d1f-96f7-daf3abdb98c5',638,31),('2fdcbbab-08b3-4314-acd1-48cab892a358',1018,8),('2fdde0ff-c51a-4d4d-b226-111054340635',603,28),('30046dc7-d52d-4dfe-89ec-988678070d7d',597,10),('300bd469-8ec6-49ea-9cf7-5a1118c67a2b',1113,17),('301874ee-3cf9-4ef1-b6b1-4552be33aed9',761,10),('301a16c3-5e51-415e-a189-491a197c7d4b',719,8),('301e7d67-71fa-41bc-8571-96acece5353a',648,2),('302989f4-cdac-4454-b8c5-cf47e58e086f',1041,28),('3043742a-870a-4344-9de5-918b9ab1d35e',762,2),('3055942e-788b-4ab3-8fe5-6fdb5569ec57',880,30),('306b8b71-b308-4027-b083-693eff80a39a',586,27),('308158fa-16f1-4a90-a388-0fbcfb8e215a',986,28),('308e0fd9-9a1f-407b-b52b-82ed49563f7c',773,24),('30a5668e-9b15-47c5-a9d7-8ce7dfc02507',593,10),('30af0b55-6e93-44a6-ac4e-ab921f14ff7d',624,11),('30b7f279-a2a6-4945-acef-5d14593d42c1',761,11),('30cc809e-199c-4142-a3f3-a51295bbb6ba',604,27),('30d35f7d-519b-4cee-89f8-8f0a933918e8',879,9),('30dafbca-d36e-4de6-8f12-e2bb7076c437',665,24),('30e5cc86-f330-4c47-a639-b2d43a2fc87f',874,22),('30eac8b7-eee7-4b77-ab63-827545eb5a25',734,2),('310e3ddb-925a-4405-8a41-863fa186fb7d',849,5),('31130462-1ec7-469b-bd9e-cb9b31abc630',704,14),('3113bd3c-5a54-4b9b-803b-8b1cf8b281e9',972,6),('3129b135-f0d7-4780-bf79-47bc5b3f45ad',883,6),('316051fd-0aca-4c34-96f5-3d59c2a5a264',781,11),('31641b5b-5560-4426-b16b-3d84c1943804',1161,24),('31675304-c878-488d-8bab-21e37fe333bf',1111,17),('317741c8-bb68-4302-a604-544e7ddfb8da',1197,29),('31836200-22ef-462a-9243-ff99c2087f57',921,19),('3184a0b3-cb1b-4d00-bc32-31497f626ab5',594,7),('318a367f-5d5d-4e65-a24e-d613b3e05f3f',757,6),('31a9d487-b35e-444a-bed4-033495bd1eb7',934,17),('31ab502d-22df-43cd-bbd5-2aeead177fa3',1011,8),('32101b1b-7a13-4017-9769-017055c398a3',724,28),('32282a4c-4007-42d4-ac60-5dd56dd0b537',590,33),('32675fe5-dbfa-40d8-b92d-02e3291014d6',842,17),('326c2957-7c67-4096-b551-95b6010554af',1033,32),('3276a575-ccda-46d0-80b2-01a9d656bc45',826,4),('328f28ea-7288-47b4-9f6e-51a96d0b8b72',707,23),('329297c0-675e-431d-a93b-a403c59ec081',820,7),('32993145-de86-47fd-a313-12f3ba7c1ec3',528,5),('32a2418e-7139-4e0f-a2de-2f875dd12ef2',942,10),('32c0fd55-8a69-4cd3-8fd5-a32c96d86056',596,12),('32c79c48-3ebe-411d-9302-fcc080c9d77a',834,12),('32d012c5-2d28-437c-8fe6-911dab90cf0b',699,2),('32de2497-6fe2-4f67-b205-4f6fd9ef4451',970,28),('32e7fdc1-49be-4a06-b711-50bfb796bf08',616,11),('32ef4ac1-b134-4146-ad32-800cf38e2cbf',1036,24),('3305517b-de41-493e-a6af-756c27d9cdb7',868,33),('33082e23-8757-463c-87bc-e4173ccd3fd9',998,22),('331999b5-91ab-488b-973e-fc2df96f2b1e',595,15),('331df8c9-a0d3-409b-ac48-e8fbceb88b54',795,2),('331f1053-78dd-46b0-b010-6dd37386cade',763,2),('332a0c55-7b13-49ac-8163-74c0bdca8b8c',597,8),('333b9006-775f-462e-ad0f-5e42ce64de4f',930,17),('334e77e0-370d-4fa6-bfe8-cdf826d86fca',622,9),('335ef84b-62c1-4e28-8956-8eddb6a4aefc',990,20),('3374389d-606a-4b16-b06f-07346232e495',555,5),('33940509-9fd4-4d7b-9393-02c6c74f1199',786,24),('33b324bf-4a6e-40d6-a487-24567ec41752',604,6),('33d1e734-2815-4568-a5e1-64a179c5128f',1082,26),('33dbd239-7d65-4c3a-a27e-9236d2d834d6',887,14),('33f20784-434f-47bd-9367-ad1c8f4a0032',857,5),('34287968-7127-4fad-b678-8f0130b9889a',868,14),('342a2821-69b0-4b1f-8181-c96d4f789f5f',598,10),('344d9197-67bc-457f-a4a7-acf09edd1f2d',1033,16),('34561e63-cad3-471c-9233-220f83c11172',540,5),('3474babb-392d-4a5b-8aeb-de756c2f37dd',558,28),('3476eb71-b8d4-492d-9aa5-a74b198535bf',1068,13),('347ea66a-bef3-4f41-9ef4-9133f7c5f552',613,31),('3482f19f-feb3-4745-9567-0a28bdfb971d',566,3),('348c30ed-0421-4e96-9ca2-31c4fb8fd726',1063,22),('349323e0-e987-498e-b5a1-f1b91fd19035',796,10),('34b44986-9f4a-4718-8248-492d8250f1cb',811,19),('34b80083-c6e3-40d5-b180-01e04362d3e0',768,17),('34dce4aa-2cc7-4a19-9d56-569f2ecfd5d9',541,8),('34ec7338-3ec4-4776-8d9c-2107efdfa87b',785,8),('34ed03f2-b93f-45e4-9949-42de6da2dbf2',613,17),('350d8214-d91e-49e1-a67a-51071e73e91c',1133,20),('35123b2d-710b-40f1-94aa-f609bfe4a4b8',608,2),('351af96b-607d-4a50-b38d-999a169a380c',629,6),('3527201a-1144-482a-8faa-d0d6590ee44b',600,7),('35388d7c-7492-42e9-bca4-09d9ec71e644',1010,24),('355f96f2-7e2a-4f80-826b-413aedaa94c9',1138,20),('3581a622-0c6b-4269-94db-a04df0cdfcdc',670,8),('3585152b-cefa-460d-b97b-f915ddf49d71',911,11),('359e2f3e-dcb8-4c51-b52f-670cd732bcf3',848,4),('35caf897-7a50-494e-ac09-d1ea541badba',714,23),('35f9157b-7d62-4578-8d75-d6767cc0fd8c',1117,24),('35fc8ffd-517d-4db0-968f-2cd5222763de',538,14),('36002dd5-9cd4-46e5-88df-bf8d04230197',1092,16),('3609f836-159e-4d33-b6f8-5f19c18ca93c',806,2),('36109394-0431-441a-89f7-fe3d5770218e',854,9),('3622ecb0-1909-415d-aae8-85f39970bebe',861,5),('362d6f76-1f95-4a58-8660-36436f8a59f2',1045,17),('36313660-0c54-4a8e-b497-36da0bf0f7b9',667,17),('36753c3e-1ef7-4586-b9f3-77a760584484',733,9),('36799621-87ce-41de-ab20-fe773825c2b1',875,32),('36b8cbcd-719e-4390-9c4f-32d34e3889ef',593,11),('36c98a94-9daa-4eef-a6f5-bf1d10f1ab20',532,1),('3725b976-4d30-4149-a195-003ae6c3cf3d',536,33),('372b3372-f5f1-4530-bb5f-09f7940298d8',1053,12),('3742bb12-93ea-48d3-a26a-33bcc705149d',542,17),('37574929-65a8-4627-a5aa-7240b4cbcddb',663,6),('3771cb72-138a-40ce-9d16-1a4023584d56',714,2),('378f148d-a5ff-46b7-8ba4-6ca616d56a03',997,15),('37a95822-ce25-429e-8b9a-eb1576a0adaf',1066,13),('37b3604a-7288-4e45-b600-477019b73d61',695,20),('37bd8d7a-2a3e-4d8a-814c-3b7e90b70c88',874,9),('37cbd745-ea33-45c7-b80d-4ee5b0612b85',736,2),('37e69d3c-bc65-4d80-a675-e84a2240c661',758,11),('38001748-924a-4abc-b47b-ac7cd5a420b8',768,31),('380de723-a38c-43a0-ad11-60f775eaa093',551,4),('381d4e40-c084-45f8-a8eb-599cfcb76fa5',873,25),('383f6696-20b1-45ad-98fd-cb121c12b794',630,11),('3848befd-26d6-4627-8c25-579446f5b88c',998,30),('3867fc6f-3dec-4485-9c4b-67bf20889a1c',554,26),('3878750f-a0a7-4103-b426-94f253702af6',865,13),('387f7865-4847-409b-b367-110ab1694afc',630,10),('3883dd46-7ea3-40d3-810b-eca1809feb41',1073,16),('388af7e4-976b-4aca-a7be-c87823b89d0a',1031,9),('38942854-4390-439f-bccd-c9efe9b24c75',806,17),('38b30b13-13d7-46af-9c05-f1ac7a436d79',548,15),('38e5ccdf-ad21-4ab5-a64c-9b66f991ba6c',923,31),('3903de8e-477d-480e-8398-64e83a9ed8aa',1097,24),('39181002-dbe4-45ac-8bd2-37161225d5f7',934,6),('3929ad4e-29b0-4a4d-bdd0-d0929784a77d',604,8),('3936d1be-9623-493c-931c-462c9af011ea',757,23),('3937b3db-fc2f-4238-ac35-692eaacbf3f5',957,17),('393808b2-6de9-413b-b44d-eccacaf8a58a',803,2),('39415e11-3d6e-4332-aa28-da1e031af21c',603,5),('39516fc8-e3c2-4ebf-98b8-6edb002e0c4b',541,13),('396f42c5-e06b-41fb-83a9-e1ae65572c47',916,20),('398301c5-d150-46e3-8e5f-5187b0ce6241',618,2),('398c6218-992c-444a-b905-6fbd97804fe2',536,26),('399d5369-1544-41f0-a54e-e80d677d076b',538,13),('39a3bf8c-a7f7-4ef8-951a-632d40ecda70',811,20),('39b032ad-6cc9-4565-8c26-2e76b61b9791',681,21),('39c1ac23-ae18-4c03-8024-b8f54bbdf00e',881,28),('39ca7245-9a73-4697-87e4-ab85552c6b27',546,7),('39e1af9d-2488-4bd1-a25e-0bea94a58b1a',869,9),('39f89a3c-5e3b-4f70-ad49-62a93cfbf7a7',571,13),('39fd916d-a552-4a3f-83fb-e9ddce2ded88',926,20),('3a09a2fe-21e0-4bb4-a900-12ed3c4a038b',809,9),('3a0eea58-e96e-488b-8116-4e860ea46eb0',882,8),('3a189e3a-b50a-48fc-a994-be7f5b044627',896,6),('3a20c5e0-0712-45bd-a896-6ccb36feeced',769,2),('3a32e94f-ad2c-44f4-b9f3-cb0b654a8e31',1012,14),('3a5382b3-a891-44c9-a917-14dfaf283418',840,4),('3a5963d5-c6f0-4d9d-b733-575c54a1d75c',728,2),('3a7fcf5f-9fd8-46ff-a3bc-5ba2ba17f4b0',986,10),('3a988eec-aa94-458b-acf9-4e61b088ffcb',681,9),('3af46e57-444b-4ef5-a16b-1002541dc3a3',1003,8),('3b056495-178f-4fa3-9c31-4cb8f6bfcabf',539,5),('3b09e302-bb0b-4c6c-95b8-eba976a92f45',649,6),('3b09fefe-2ce2-4698-aa3e-52cacb3e59b9',777,6),('3b0c5d93-6c44-46be-b245-97ad7cb478b2',966,6),('3b398267-df80-4456-b582-f2ed9f89e06d',796,17),('3b784be8-7c1a-4fd6-bf9f-9f2c995f928c',1148,25),('3b83bd55-8c44-43ff-9930-d34c665e2d45',1051,12),('3b9a3500-4da5-4959-b815-bb2ad1c5fb34',716,2),('3b9fb5e4-e240-43bc-b745-b7b3b276f27d',855,13),('3ba8f17d-e89b-4de5-9b49-e9f59a6bfbd8',648,20),('3bc1b9cb-af69-4a19-a0a9-d91c6afaa868',741,2),('3bc29e33-1f17-431a-920c-df5d4c33d3ee',923,11),('3c1e3a6b-a3ca-4c8f-b687-11bc863727a1',791,2),('3c2ce37c-1182-4cd6-83df-e247dfa8d22a',572,5),('3c37821f-1904-4f3e-a6c2-facc05d74f85',1036,9),('3c5ffb6a-a4fa-4ab0-ad91-e11de42b06f6',746,10),('3c6de232-ddad-4e3f-8c47-98476f78b5a3',582,9),('3c6e970c-b320-4fb8-be9c-a3ab6a428a72',917,13),('3c86e42f-683d-4c58-b1d9-85e45ff1135c',796,24),('3ca55050-6da4-449c-872f-53ec658e7d63',968,24),('3cb966d5-b17b-4e0d-b09e-2ef0ffee01c0',601,1),('3cc87a6a-42ca-43e9-b338-6c7295549331',578,3),('3ceac929-33ce-4ba8-9d19-1f0cbfa1d91f',604,14),('3cee2e55-f3b3-4166-a815-a7c0b61757bc',684,24),('3d49ce3f-0ae6-4f49-8ff5-8d4ff6f386f8',1149,25),('3d4f7836-76a8-4331-ad94-01613a5f526a',596,20),('3d7ca8a7-da33-4475-b992-cbccdfc1930a',1111,27),('3d7d37bd-f70e-4f94-8c08-83145cc762ba',894,11),('3d91ca51-db50-4b3e-a287-86d2eedae3e1',576,14),('3d98c11c-1f1c-4940-adb4-51c3e040ef30',768,10),('3da3f0a3-98d6-45c8-b829-99e1bd9c01f0',605,10),('3dbfe24d-12ec-4e48-b48b-e6c524e4154a',695,6),('3df21dca-248c-494a-ab24-eb42078954af',706,2),('3e095878-b837-4cb7-8653-dd5ae5164033',545,1),('3e1d4933-5c32-41cd-ad72-5cf23ee8ebfd',551,25),('3e28186d-005c-4910-89a6-43e533589197',871,33),('3e5dbba2-5bc3-4c0a-b305-6bc6ef792eb1',781,10),('3e86c5c4-88f9-4e19-b3ff-ef8145bdfcd6',566,13),('3eecd54f-9e4f-4714-83b1-587acc476b86',915,6),('3efa05f8-445f-41cf-bb96-178691a8150b',1070,27),('3f13cba5-d223-4ecd-bb02-745c734a155f',1083,16),('3f1dae7c-b560-4556-bfc2-25763233de60',798,20),('3f5ad200-0ee0-4b02-8147-3bed9a5af84f',684,7),('3f5c38cd-c8c9-4473-9f18-92efca5ad119',766,6),('3fddcbd5-9599-4468-a46e-47df512788b5',556,4),('3fe08869-7076-41ee-93a2-c2cc9e8e652b',1002,11),('40065c85-f0c5-4f96-b272-1f7e80e0e9e8',781,2),('400a4894-bcb4-480e-a2d0-72b0831918a5',539,28),('4016bbbc-6200-48fd-b945-8fbce59ae0d2',558,20),('402fda8c-af81-4ca1-8329-e5c7de7a0a0c',686,2),('40356068-24cf-43d4-809d-cea4903c578c',594,19),('403ccaf9-f8c2-4455-942c-4bb4f5a70729',654,9),('4065780e-4193-40ad-b536-b09bc7502ad6',564,25),('406b1633-015e-45f6-b9a2-0a73480318af',549,32),('407d84e4-4bb5-41c1-9e67-b89bc6a3b852',912,6),('409eac4c-ea38-442d-a010-121c9471b5e1',1053,25),('40a0605f-6014-461d-a184-67ee40b683c7',841,7),('40c1134e-8ed9-4d45-8358-189c90587c97',1160,28),('40c96427-f7e1-49f8-a23f-7ce13b1823a4',868,21),('40f6eb16-e57c-4921-9069-1694b0eb23bd',951,6),('410c188f-2842-4e3c-9704-7098bf3f4b2e',567,9),('41378914-a74e-42de-9b82-d68b4ab4c79c',924,6),('41584789-74c1-4eb4-9eb5-801f7f5ae27a',681,17),('417af8a9-00c6-4dfa-86ec-afc326482f88',812,6),('417c74f0-723c-49d9-83ef-697789fed462',595,10),('41955591-6282-4514-90d2-69a1d8915741',773,2),('419fb205-5ca7-4827-b98e-97fd6064632d',734,24),('41b0b085-ae3e-429f-a7a0-9be36665060c',605,6),('41be899d-560a-4063-afbb-9eae58144304',580,17),('41cce92c-6d2c-44cf-9155-5f6b12d9167e',962,8),('41ee894f-1a8c-4b19-8a04-68c7153f25ce',680,2),('421c8578-acb5-4c77-99d9-321b38653ae7',1152,25),('422ba6bd-2d41-45eb-a76b-56a9b5b109f9',832,25),('422c0d1b-a1b9-4e9b-853e-101fdcd2a65d',577,31),('42336a9f-080d-4e7d-b9d3-bc2b0a367439',714,8),('42369479-a7d0-4ea4-a036-ff3f66aa8a31',647,2),('42461568-5c5d-4791-a2cc-91f87087023e',999,16),('424ea9ad-85f1-47ea-96e7-a14ad934db97',538,16),('4256fb46-e0fa-4e7a-a959-a46a0c7d5f18',831,6),('426a6121-3171-4c1a-a0ab-dc0513fe9073',580,5),('42a80ead-3cc1-465f-b5d5-1aa4b7f095c6',718,8),('42c2a9f4-d7da-43ca-bf9c-b91b29175db2',541,3),('42cccb6d-e382-4e45-8a77-4e2b277c82d2',862,7),('42f3a390-549a-4c25-bfea-8d41300ab84b',1137,19),('4348b237-6a8f-428d-9adc-f68633cfb871',632,10),('434d4a46-c583-4bfb-8935-320e29bebaf0',620,19),('4359fea1-2a71-4544-96c8-a6df006f10f7',601,9),('4368c197-a9a2-4d8a-b765-1d0bd0a69cd0',624,10),('437517b9-17a9-4ed4-9098-536b268cca8b',911,17),('438da2ad-34a8-4cff-9157-7ba3451b3220',568,1),('438f7fac-7530-4931-936c-d826dc0b25f3',546,25),('43b223cd-94dd-4b77-beab-f9829f376bf6',719,23),('43bc9214-4c97-4952-af34-48703700dfdc',903,6),('43c4a166-841f-4af2-b60f-4feb087390e8',872,27),('43ee0783-17dc-4c99-a9f0-4ca6d0371dad',777,20),('43f41d3a-a6dd-4164-aa44-12cce750aa70',772,24),('441aa7d0-2646-4e76-a07b-87065abe925e',1146,22),('44297a20-e370-4dbe-8fc7-e8ff924dc642',549,9),('44576377-097b-42f4-be58-cbd148e3abd1',913,6),('44594787-e668-4dd1-979f-a05f91456a4c',987,6),('44782126-a899-4ad8-9513-7c2dfb956969',999,32),('448e8742-744f-438d-ab73-220c098ee773',557,3),('44add477-7b14-46b0-b03e-50a5758b60e3',571,4),('44b27a7f-1b84-41a6-9132-0cc8b98e914f',548,9),('44c73ec4-0e49-46af-9a7c-b1aa36f88e76',597,3),('44d86ef8-5dee-4e47-8339-c990bf461853',638,14),('44e71773-49b3-47ba-bb1e-751a7956e983',538,9),('4505408c-433e-4163-b067-6aaa44e1e548',552,17),('450d5afa-c445-490f-8aa0-3ee53b0bfc62',1010,8),('452d829e-e95a-4b49-8f1e-fbb7108de8f7',629,28),('453ab179-d81d-4a22-9b5d-9c39b44b5ee0',612,12),('453cdba5-165b-4254-bb74-0ad573c96d9b',1048,16),('454afbd1-c853-42af-9ace-a800fe2c8778',533,1),('457b8b41-79b4-4a39-abf1-a46182aed8bd',597,13),('45b2138f-30dd-44e9-bb1b-bd39643f61bd',539,23),('45b69d9a-d3b0-4bb6-97db-fe3f5005a81c',880,16),('45c439e7-438c-4279-ad70-c7e470f5565a',1075,25),('45c5b792-0468-472c-b9c3-350d67e6c7bd',541,5),('45ec6a19-6801-41c3-8fe5-810b1f8114de',676,23),('460e482f-c1f4-4572-9fb0-6b26ce23c2b2',588,13),('462ed7ec-e4eb-41ca-b03a-8a5ad04aa9d8',1157,24),('4635f96c-0567-48bf-b601-60267da848c6',873,21),('46886d51-b940-4fa3-9864-c2856ba9bcd8',1094,17),('46977865-ffd8-4fe7-b44a-c36da1701323',823,3),('469a52e4-0662-44c7-8674-e76c15e9977a',869,5),('46a946c5-9ff6-47c1-8277-a683d4eb5ecb',548,26),('46bb5140-8f50-43cc-8e5f-74c84a9fcf8f',601,4),('46c8c0be-0822-495a-af28-bd18a72b0f94',577,6),('46ceb21e-b52b-4870-bcf9-f178f773377d',620,20),('46d04dd4-6907-40bf-ab57-e94f73ade861',533,4),('46d35167-fb99-4874-bf63-d05f400d9e2b',685,2),('46de2452-d5b8-4d07-93a4-b76f0dc34368',1001,7),('46f137ce-e0ac-447a-8139-78fadf53f52b',536,21),('4719f296-7272-47b2-b811-a1cb8ac79831',597,19),('4751026d-5fc5-4460-ab85-b7788016a8f0',720,27),('478c601a-98b4-42f5-a1d3-cd3be33aee0b',906,20),('47b0dc55-8ecc-4eb0-91c3-3c77a941ec98',574,21),('47ba9583-3fe5-4dc8-b023-f8257ef66b1e',554,7),('47ce92aa-2f7e-4c45-96b0-3349a181f218',688,2),('47d8874e-ac50-47b9-ad32-624e0a092102',843,6),('4821478d-5646-432e-8e46-9dbf8d854219',1167,31),('48247d82-55c8-4609-8e18-bf28fd9535af',771,2),('48336854-9362-4377-9a26-3e1265ba4689',561,9),('483a5041-4e76-498e-a76a-044003786e49',596,16),('484959f0-60cb-4703-8c37-cc5aa1888ba7',775,24),('4849a8f6-7d82-428d-aced-e806af5f2961',538,29),('486092f2-bcd9-4a64-bf22-bf6e092240f4',665,9),('4883f899-ef48-4220-b568-47f029ce449e',988,11),('4890a3e2-dd9f-4723-a8d3-a85025b51521',770,19),('48c91a28-e260-4026-8aeb-ef4db6e5019d',1033,9),('48db3683-4da3-4889-ade9-6047f204fb23',893,24),('48fda948-a164-44ee-8f7f-f61539155df0',1002,17),('490272c9-80bf-42e8-b576-e73721e921e6',530,24),('4909f40e-590e-489d-88d6-80c81a17f551',622,31),('4924a60c-afe1-4712-b6f7-16c3b1d07441',678,17),('494d3995-9233-4038-872e-98bc39c6008b',878,26),('4954637d-5347-4d2f-a09c-d2f06c2e38f2',604,11),('4958d24d-a1bb-4a82-bcc5-7fd8c4e5a12a',983,12),('49675289-5261-43e9-9ace-5e90ea6b2923',533,16),('496d48c0-518c-482a-b63d-c9cd079aceed',614,17),('496ffad0-7dc0-4380-b8d5-33fab37cc69a',616,2),('497cc0bc-684e-4363-b024-a9832b39a0d2',812,9),('49a7100e-2f61-44e8-8fb3-3e5650f87265',593,9),('49ba3348-159f-4ab2-b65f-fa22c7bc1422',1052,12),('49bb8a43-71e3-4f5b-9d60-25b8a0cb9a8e',707,8),('49c9b355-e143-445d-9e84-d25fa56ce26b',670,2),('4a08cccc-f621-4b1d-9e8f-ef55186bc949',739,2),('4a0b8bb9-968b-4744-a6d3-770658eb4ac7',547,4),('4a142aa1-8c50-4e96-a0db-092f2d005340',601,7),('4a83b567-760f-4157-921e-f4fa53863079',1098,26),('4a9669c3-10ad-4d06-b08e-e2bade0da039',1057,18),('4a9d738a-9e14-4873-87b1-3f62251fb723',1146,27),('4ada60a8-5356-466f-b854-26f4c28c885c',678,28),('4ae76c25-490c-47ff-b19e-9df057cad279',1151,22),('4ae79c21-7965-40f2-9b17-ac6da0a1dc8a',602,6),('4b008334-e7e1-4563-945a-46dc1592b318',528,4),('4b081213-6bd4-4c07-97f8-ae19b9d54a44',970,13),('4b1de73f-297f-432e-9d34-d3908eca5239',940,6),('4b3f12e0-8565-4304-ab65-a7296a8014d3',824,13),('4b412890-532b-4c67-afcc-798f86d241f9',1057,16),('4b42033a-84c2-4071-9e0d-1187f398ba64',554,4),('4b468768-7576-45d9-84e5-2d0775d2c52f',624,8),('4b52cec0-a46c-46fd-be71-4369ca57aa9b',571,3),('4b562109-29bd-4ce7-8008-0095f5f34245',983,13),('4b57ca6c-8dee-4cd4-a7d1-1e26d5087f61',549,5),('4b5be66b-a36f-46aa-acd1-99b90cbe8365',531,5),('4b5f1b67-48b4-441f-ab4f-2441d7346f3e',566,25),('4b604ae7-5f96-4c9d-bdc1-8f9b24e31509',887,33),('4b64b50c-82c9-4ff8-a1c7-fc3a33808145',564,26),('4b7ded38-1fcb-4ecf-84fa-ef2e6506e584',705,2),('4b800527-53f0-4fb6-a598-fc5a06d68e5f',543,8),('4baa86d5-defa-4db8-80a1-3e9056b387c8',603,30),('4bacd7d7-5038-4e31-8ecb-da3afe872ba1',1142,20),('4bcc7cd7-e295-4892-b5b4-23ff424edeae',847,17),('4bda36f8-78c0-4bf7-a49b-13d4938ae8ae',694,19),('4bdd5814-868a-4476-98c3-59b5e12a14c8',841,17),('4be121f0-53da-4419-bab1-829d72c0c076',632,31),('4bec1f42-707d-4a5e-9a21-3a503dc22769',604,32),('4c0f0fd3-33e6-47f7-a778-2839b78f4d55',973,8),('4c954a5d-f90b-48f0-9105-68f693bd832b',748,2),('4ca98bf5-4b92-45ee-828c-76796271e3e1',873,17),('4cee651b-a7c9-4493-b835-a70abe6b4b53',812,20),('4d1854c1-6bc6-4ca1-8a64-a2a83a873fca',643,15),('4d39f2c8-4181-4b14-a1d4-3f856f1dec78',652,2),('4d474408-f104-4b16-bc41-ecd0737e426d',998,29),('4d49adae-3e0a-4b5e-8041-0499b936a84d',576,4),('4d66e297-2c6f-4fd0-8d42-6ddcf25429ff',597,5),('4d720513-be17-42ef-a1cc-6cae472d3ef3',565,9),('4d9e2e06-a1af-4ab5-a370-a619636efc42',684,9),('4dcb926d-1ffc-4854-93fc-1d64fa45c0c4',761,29),('4dcc728d-b0d1-44fb-aad6-db6f8b415bd5',862,4),('4dd0209c-b4b8-442f-908e-ea32781acb13',767,28),('4ddb68f2-4121-484f-af9f-31fa139e51f5',758,10),('4ddef7c5-2fd5-4b64-9b07-5c0fcb764c03',575,2),('4e4fe779-3549-4078-9a5e-4ef37481536b',906,23),('4e64c351-1247-4f00-afb8-6b38c3df146f',618,11),('4eb0d4d2-32a4-4a1b-8316-b2af38f2880d',906,6),('4eba9922-d623-4839-addd-f59b7cafcd72',582,1),('4f018205-1758-4e2e-878d-7779da7b3741',607,24),('4f046c62-f618-4ce3-b6fa-2849944a04d2',838,15),('4f13a89c-dcf4-4e95-ade8-064a5eae2684',908,6),('4f60e047-e9c2-45de-8777-d139111b7433',991,6),('4f743bd1-c2e5-4658-833e-358c12ec5111',768,8),('4f82ce04-d72f-47ce-a715-3dd5a5f9a42d',604,12),('4fa23d53-96b8-482d-93fd-b4503981c16b',1014,17),('4fb2b646-8869-494f-8831-c013d3a20bed',880,18),('4fb338f8-d209-4760-953b-6409e22cf17e',918,6),('4fb9ba68-eb5c-4136-ac59-772b1a484ff2',1100,17),('4fc04e05-a0e0-4733-8411-0ab2fcf0f616',977,6),('4fcafeb8-2ba5-40f1-8975-1af999bb704a',707,2),('4ffa86cd-07a5-48b0-a7b3-73d2040085c0',560,3),('50223194-fdc5-448c-901c-38807a568a1a',882,9),('502576f7-7d54-47e8-aa1f-542bb54892c1',767,2),('50452837-ab3a-47c4-a225-ad4ade45063c',539,31),('5068b153-88f2-4388-92ab-5feaf8c5067e',551,5),('50853dac-b2a5-4a5c-80af-e7c719457044',870,15),('5087fd2c-0850-4f00-a57b-43e45f2ba218',882,10),('50f1616f-8c5e-4523-9051-b3fea0092caa',611,2),('51115a54-079c-48ab-8993-e7c35514bdb7',871,14),('514717b8-702c-438b-8b5b-3a40c450b9a4',656,6),('5148c280-7f38-4774-9a50-24b385ff969f',738,17),('516d56df-6c32-4c07-8f3c-177bcd23883c',998,25),('5173b1fd-896e-4cda-957e-d0a87b95fe90',561,4),('517c33e2-9ddc-4491-8ea1-3db8b634074f',643,2),('51bd34d2-7df0-4730-9bca-3a4f8b0a9943',1053,21),('51f09616-1ca5-44fc-bc21-f271568202c3',631,2),('5217fd3a-eaba-40d8-b07d-2a6efa4660d5',860,19),('524dfafe-0691-40ac-b692-7d1b72b78d8e',638,13),('526218e8-67b3-45f8-8e9e-dda00535f852',785,24),('5264eb43-5450-4aca-87ba-7aae31f85210',743,6),('527d0b1e-652e-48c1-9707-3e533198dcab',543,24),('52ce2fbc-f11d-407d-a17d-035303209950',1028,11),('52d1b845-7141-4c5d-bf42-b934c30a1f03',532,9),('52d6cf01-a82c-4c3a-920a-6100820ffe5d',1086,16),('52de39d8-156c-40cd-bf0c-20ae32d21c10',894,20),('52ebc4b0-10c9-4b58-b967-5414f24fea90',1124,17),('52f47f82-7e0b-4015-89a2-b29a73ec59e4',725,2),('53133b07-bba2-4a49-b6b9-a6cba97ee1aa',585,1),('53140c73-de48-4735-a5f0-793f12e98d9a',572,9),('53178a2b-b841-4454-ba1c-aebbec119d3a',1195,28),('533378c7-4050-43a2-b64b-1bc86d21ec7d',594,16),('53381d87-2643-4b5a-ba7d-28f88296a473',931,6),('533eace3-82ca-474e-b05b-abb9d7a25a2c',1203,33),('5344bbc8-e559-4987-92ac-3256ad1ce7c1',584,1),('53814e59-c54e-43d2-a8da-7d4798357fe0',1003,10),('53883249-7d4b-4f03-97d4-52fdbd4c2596',555,1),('53a752f1-1348-4032-b900-80984c699c1e',873,5),('53a7ee05-e7f8-42f4-8c49-f01c3a2931c6',957,6),('53aa8661-b858-45c2-a593-326652528f94',1099,20),('53ab86a6-7dfb-481a-a17e-00040d9acdf9',681,11),('53ad436e-c732-424a-80d1-872f05f580ee',954,6),('53fad4fd-64f8-48d6-b0c4-04bbe31522fd',813,2),('541e08db-45e5-4fc0-99db-60988302864a',1140,21),('544a814f-2f5e-4ec0-abd3-8992b2043d42',874,27),('544e40dd-4bfd-4c7f-84d3-24af197e6019',894,31),('546b99e2-709a-4b27-9841-791c73fbef2d',773,11),('54a6c992-749d-4a27-b442-628bbed2ce1e',536,13),('54cdbb2e-f2d6-4d28-88f3-6cc57c0e51a2',1185,25),('55143919-bb24-43fa-8dc5-d3a61a96d652',826,5),('553043a8-4e07-4430-9040-87bee8e1bbea',530,4),('5539ebc5-6082-456b-b992-3b111169b6e9',586,4),('556536e9-817e-465d-958c-084b0dbc6d2f',588,33),('556e2604-d8f5-481e-ad08-18cce0bc9b5c',1140,20),('557f3d77-b724-4ddd-8995-a380dee7c299',967,17),('558e4d3e-412d-4b51-9730-576f8b9ab058',684,20),('55a76875-d8ca-4b9d-aac7-b8b1b1917c24',1075,14),('55bc817f-8a20-4819-b744-6a0be3ce569e',755,2),('55c05f02-3aa2-4db1-8416-e39f6dbbcff4',751,6),('55caa0fd-a5d6-4912-b0c6-c5aa776b2e05',984,6),('55d260a8-c841-413e-9dfa-f82f7944902b',882,24),('55e69188-1724-4f35-ba94-e32e8f8d7e9a',1059,16),('55f5cdad-08c1-488c-94f0-acc8391a9f9b',595,1),('55f809a8-f098-498d-8f5f-84ef4a80abcd',819,7),('560313b4-3363-4296-9e02-554f515cc75e',1140,25),('5604abae-857a-43d0-8292-ac5699b07b53',874,7),('5669572b-b114-4b92-a405-9b66720e3f32',1141,32),('569abbeb-dad6-46f9-a616-e47b540a85d4',1117,31),('56a1e7d4-896d-4c3d-b7ca-250f28e8daf8',625,2),('56d11bcc-8b3b-49f4-85b2-570c645932b1',687,23),('56e4ffcc-0235-43a3-a916-84234df73414',1098,28),('577dc057-9df8-4ef5-9ea4-a299e26234b2',944,6),('57ca6ff0-26df-4ebb-905a-88912a260f00',1054,12),('57da614c-4365-4a87-8a1e-096daf403c59',586,32),('57e31ef1-e29c-46f9-819a-6b9a6a6e57d8',1056,13),('57f2960c-8064-4fba-abae-9e1c8540eb3d',1084,14),('5817b7d0-6d3e-48c9-888e-856f09736f94',812,2),('58777cd9-629e-4196-8c7d-33ea5e0269eb',1191,30),('589363cc-b521-4169-88ac-4d415a3fd039',1194,28),('5896364d-149a-4e78-ad57-34464908eaff',546,17),('58a84f11-30f1-4d45-a2cf-e85d2541869d',614,21),('58b0b9d9-169c-47b2-8f4f-1bfbd5179edc',1063,25),('58cfab88-8b20-46a1-a3d8-4a05272e25a1',835,24),('58db54c7-57a4-415d-b7bf-104a730755d9',625,24),('590d6f7b-5552-43c4-92b7-c7f981385455',782,2),('5911a9dd-8d69-4979-8771-d98feea53f30',589,14),('592c0aed-163e-448d-8e3d-16968f4120a6',1082,27),('59520de1-b2ea-4bc5-ba87-8e183dc20457',972,8),('595483aa-d069-48ab-9079-c4acd556e606',583,14),('59553ffb-ad9b-4231-9c97-101ad4f86f6c',616,10),('5966d144-2206-4532-965a-d2489adb637b',952,6),('596afe8e-2d35-4c69-be5b-8b9407f3a00f',785,31),('597a92a7-21f0-4476-9a80-6f6f7d97e572',1067,17),('598d44a0-6774-40e6-a4eb-7edf812a6edb',553,7),('5997b56d-26d2-4ba8-b9ec-c1588592e05e',837,4),('59aa3f24-a19b-4ce2-9e5e-3d3a1dd53ad6',1061,12),('59c65d5f-3ab3-402a-8708-27d325424b86',793,2),('59cfeee5-84d4-4e9a-80e6-372e0d76060f',1014,8),('59e1880f-8deb-42bc-83d7-21e3b95ae16b',644,2),('59eed3d0-45c0-497a-af14-b5431e231b27',831,17),('59f0c7af-6854-4c9c-a8e4-32f399273de3',528,1),('59fbfe3b-c157-49d2-a3ae-5456756cf4ab',955,8),('5a04a67b-6732-46db-bf23-1b7a55cce384',1009,8),('5a0dc48d-3fe1-4591-be0e-0f70f5e9eadb',606,2),('5a0e1b72-8362-4504-b0af-d9529432460e',555,3),('5a2cfe38-9665-4264-a0c7-3df1ac69de54',602,4),('5a418631-4c5e-430a-8d65-70b5791ee530',879,5),('5a541a73-c3bb-4ced-bbee-031eb1b4f561',872,5),('5a84dad6-4e22-4b72-9d98-5e603dc7798d',546,4),('5a860ff8-a37e-4115-8781-98e109e10060',552,25),('5ac2719e-08e3-44ff-b3af-4d549eaf1b84',586,14),('5ad4fe01-5448-40da-8260-0901f2d4f135',886,20),('5ae93ed8-0c18-4b3a-bfae-5f66f8937e2a',1033,33),('5aee2571-4052-45d3-9dc9-f167dc32ca50',841,9),('5af9f021-5e4e-4450-b91e-46d3f6f673b6',613,6),('5b0bb6bd-9eab-4873-ac41-a4c0e56fd148',757,11),('5b28c1ab-450d-437c-bf7a-3bc24eb05dfb',897,27),('5b362489-820e-4102-930b-ee81292c5469',830,5),('5b3bc15c-c219-4911-b361-520ddf946d0c',743,2),('5b4b0acb-4122-4d46-8f76-ac6bf6068e45',1060,25),('5b69f37f-16f7-4c13-b86b-4c7f9b3076b5',662,2),('5b83b223-50ee-47c9-a713-9f776a9b3eea',557,7),('5b95fb4e-0060-48c4-ac72-aca6f331a84a',728,8),('5ba043d4-93e5-42c6-897a-2079d61bf4e8',1139,20),('5bee0827-a886-4c8a-851e-53d56b572bc8',792,2),('5bff5078-5881-419b-af01-e2ada85c87b9',789,28),('5c1117aa-ede1-414b-9b1c-197a0409c69c',594,1),('5c240661-ab21-4845-a65d-bc805187c866',770,27),('5c532d97-3d16-4642-8117-4190e8121c3e',582,13),('5c5d9784-9ea7-405c-92a3-23ef85b7b64e',1066,17),('5c5f41fc-eb1e-4297-994b-b132a98887ae',640,6),('5c66696c-74db-4015-987a-1acee7dd10f5',932,22),('5c7e6a1f-b2b5-4748-b0b8-efe7573d5cf4',1016,8),('5c8af298-09aa-4be6-9b57-06c86213aadd',941,26),('5ca64ebb-5b5b-49a4-8c89-22a5f37f5024',1067,13),('5cbda86b-592f-44d0-9898-c2d20edb8830',563,12),('5ccec67c-2639-4dd5-a33d-cf8d9a17e0f5',811,17),('5cdecd06-f211-469c-8ae3-7e9f87c20146',816,3),('5cf2f108-78c5-4d62-990f-417572a606ad',535,12),('5cf56ee0-5d43-4123-871e-32335cdb451a',1039,13),('5d12fd30-5e63-4fb5-a958-629de1050a06',548,1),('5d170639-b8ca-4c8e-958a-faa67bb286e7',642,17),('5d46e52f-6088-4755-af7b-7949e6e50a51',1053,30),('5d49535b-4b16-4b01-9924-e07cc3d846b3',539,6),('5d5f6893-8882-4870-bc24-483ceafd5515',796,28),('5dad6f9e-5a98-409f-8285-d1557d5a5bdc',819,9),('5dc862f6-b9fc-48fd-8696-e744c9624088',1042,23),('5de4d865-7e40-48c2-be40-30595c1fd97e',608,24),('5dec70e5-96e4-441e-8b40-4e366ed9237a',730,2),('5df3fea6-1e26-45c0-b544-6fcdb975ad32',883,17),('5e25f96b-64b2-456b-9a59-5071ad549090',1185,26),('5e30d64d-db71-4416-8d15-e3dae9d88b74',786,10),('5e7ada0a-d708-4951-9a6e-8dc3c9d135f2',1054,15),('5e8c212c-00cd-4f54-a050-54f942481ab8',733,24),('5e9b6967-f91a-4564-994b-cd3c95907e97',1132,20),('5ec69617-4864-4abd-8299-5ac10b5a8944',663,12),('5ed26ad8-f24d-4da5-ac5e-c871ea021006',815,25),('5f00ecee-2e7e-4aa2-a171-3cde82f43222',924,8),('5f1c0e8c-85cc-4dbe-bf16-879dfb1ad339',1085,14),('5f1cc43d-30d7-4025-b4d0-d9e1f304fd04',868,27),('5f2b26f4-13a6-4b0d-bdc1-5ff8de8da173',652,24),('5f87ab92-55c3-40e9-8b57-6acceb98e661',837,5),('5fa40483-47b5-4abd-821d-038a250187f6',870,7),('5fc8c08d-d3eb-4c85-a704-d0466b041481',751,28),('5fd98f55-cff7-44b7-a67d-c5376d9e2374',1176,25),('5fdaa19d-df02-4aab-9c92-d5f7c9489e5e',1068,24),('5fe58350-2ac4-40ce-94d0-73a8e9f54e73',894,19),('5ff33e52-98db-4fda-977e-544485712538',1074,14),('6015e7de-4312-4e94-8a20-3d1e0ed0b020',906,11),('601caad3-a083-46da-8fab-f4ca21b3f08c',598,1),('60278b4b-76a5-4d52-b574-f9c25e282f7a',1030,9),('6043c79e-dc4e-4edb-93e9-0d711b7af916',777,11),('60463b9e-53b7-4d24-aa72-68fa083e8e74',787,6),('605615ae-22eb-4b43-bc46-aa6f76cddedf',593,4),('6057a636-1e41-4fe0-9bae-fc8b8447f605',822,3),('60674936-3e37-41e5-b463-c132c80b6209',586,33),('606af536-3774-4b57-aded-af9e1fa7b460',860,7),('609dc4c9-b119-4d1b-9c87-46f45286b678',552,7),('60a08d0f-2f02-40ea-a3dc-d7e2d4b95736',1093,20),('60ae777c-dee6-4885-956c-adb25b605f76',563,2),('60d3e24d-2c2e-4f57-a02b-7d7ccefadb4f',958,6),('60e21d83-7f69-42da-a452-e43263049add',1047,24),('60f49746-9ae3-4f1c-a4b4-9869d06e110a',897,11),('610ca3fd-0bb7-4961-817f-93accd413d02',543,7),('610f9d0f-8847-42b0-9065-391dd3c52df3',1143,20),('612bcba5-7f14-4940-bebf-f3109219848b',867,24),('6164bbe7-1221-46fd-833b-58a3e2f7f307',559,7),('61696f91-2dbb-4b14-bb78-a9fb0d18e148',604,9),('618c7466-6ea1-4e78-b542-b67d1ffbd1ac',605,17),('61c4940a-c09d-41db-b94a-a775e8b36bbd',1077,16),('61cbb7ca-9881-4a82-a104-6f44e9c5a30d',918,13),('61ceba41-61dd-453e-8821-3dcfe038f3bd',649,2),('62061094-864d-48db-ae46-d9c9249518d7',1156,23),('624104dd-5e8f-47fd-82a2-6c2ae7589e09',603,27),('62823973-ad24-47fe-8d61-9198e75fccd3',756,2),('628c25bc-7578-416c-8bc3-a0276339ca24',558,12),('62a098e0-3c34-4f6f-bb60-e2f8fea30ccf',735,24),('62a3af21-1c93-4315-baa7-4b74134345e3',785,10),('62b66849-e81b-4465-bf15-6ed701d81690',629,10),('62d1ecce-6aa5-4716-8cdd-b53cfea0130b',718,31),('62d990b9-8eec-496b-88ff-b1d29df2427f',880,20),('62dadb79-81c4-4381-965b-38ea56151ab8',586,18),('62dd447e-fbac-4860-9fad-fe6a1a8c435e',1024,9),('62dd7cd6-7534-4bc3-acf7-83dbd2302583',567,26),('62de00d7-8433-422d-8a47-9c178fb127e7',577,19),('630fe11d-dc3e-44f5-ab28-82e9137423c4',554,25),('632f7c5a-3228-42b5-96ed-358e42be2c2a',1050,24),('6359e959-5b05-40e4-9c09-866b5a5950b0',1170,28),('63670d6f-0704-4ac7-bfb8-fa7d38299dc5',922,6),('6370a7b2-2a9a-4712-81db-442c43af544c',588,12),('6373fda5-989a-42a3-a956-15bf1a02c8dc',882,31),('6399d839-18c1-434e-98ab-81f6b59173f2',868,18),('639afd00-87a2-4036-a621-aaac2dd88afe',875,8),('639d35a4-e41c-4e76-8561-d50bd82e15b0',874,5),('63a4bd3c-e5f9-4de0-ac46-6ae4bb5cdbbc',1046,11),('63cbda39-af30-4c67-86f5-5eb30d7dc839',604,25),('63e43972-3a39-446f-abf1-b22a1fa3898d',907,8),('63fd12e3-77be-4bd9-b6e2-01273bb26ffa',843,14),('640b0d09-d86d-4ea6-8fdf-182441957ee3',553,25),('64121392-38b5-4354-8225-7094cea762b1',789,6),('64178533-1edb-4607-a7ee-d53f894d9b8d',1042,10),('6454105a-63ff-47bc-a025-76f12b4c1cdc',649,20),('645ae0a8-cd23-4801-86a9-12b086b4b91f',1063,13),('646e18bd-f437-4445-a2fe-7ca2ae9ed222',1148,21),('647f5b41-e11d-4cef-8db4-df6c0fedec38',833,4),('64b0b965-4abf-430f-869a-0a4cb453ba65',1040,10),('64bbd4b6-5691-4f96-a8f5-871cba309e85',793,17),('64d2f224-e641-4e93-92fb-faa365adbdf6',787,9),('64d5a862-0c07-47d1-9c11-83bac8b953d5',878,18),('64f7580b-a7d3-4ec7-b20a-d63cc0ef73e2',963,6),('64f94440-8362-4e68-8fd5-79869a6f412f',548,14),('651253b8-e053-478b-9b63-b2298a63457c',572,18),('65253b83-fdca-44f8-bfed-1ba022351725',536,16),('653c1b9d-1dbb-4490-ac06-4c25949b73b2',536,5),('65488a78-0b5c-4d2e-90ae-71759ddb736c',695,2),('656c7cd2-b3df-4533-8e67-9c13833472a7',603,26),('658fcbcd-e27d-409d-a532-21103d21cc53',1070,14),('65b88a56-f23f-4ae9-83e3-032aa4fd8ecc',648,9),('65bd1bc9-aad3-47a4-8783-9294bf239814',754,2),('65d1aac9-5054-42a2-acd5-5158c70209c6',562,1),('65e1f1b6-2854-4ab9-bdbf-e7f816748eda',787,11),('65ea7015-f661-4711-97b1-74d961190a01',871,5),('6612861d-a651-48fb-9278-904c8f94299d',553,21),('661d3877-32e8-42ce-a6e6-729eab3e2a6e',1149,21),('66249f75-5e2b-4a30-9ab0-23db3533041f',576,7),('6625e143-6aaf-4b8c-82c4-e3f973c127d5',574,9),('662d4a19-6b65-449e-8cac-523495d25566',663,14),('66352594-88cc-48c5-a19e-074b6f5c1fde',1070,17),('663d50a9-b4cf-43f1-8d9a-06902594de66',704,11),('6645b46d-9ebe-480d-b3d4-0e2790ae0f57',1039,14),('665767ca-1beb-4c5b-ba09-570d403c3bfe',821,4),('66824ce5-439c-4b27-ac5c-4f8414cfb55d',567,29),('668ec7d2-a2a7-4c48-8626-82f0beade16e',594,8),('6696e86a-ac84-4cc6-89c5-1009e74c17a3',1174,24),('66c9ee50-76b9-46e8-b722-0ba3b3cd677f',663,31),('66f5b040-20ba-4f03-b423-82fe4ea2dc0b',1073,14),('671ff523-d164-4e19-8772-bd04b275259c',793,22),('67283b22-d105-4061-ba46-fd0bccefc38f',594,13),('672c1416-34b2-45d0-8656-612402dc836b',587,6),('672e4b32-d6aa-4d28-88c0-8b4e46761562',772,23),('6757be71-61d9-42ca-92f0-125b821f8988',1047,28),('675a5d6b-78cd-4357-8115-7fde5e09eff3',853,4),('676aa1bb-360d-4b0b-bc7f-72c41b83fbcf',597,2),('676e9b9d-3ee7-4e5f-b884-b1895bcfbd40',1073,28),('6778c2c0-490f-4d4b-b024-868d79b816eb',1077,22),('678ebb7d-5b5e-40c7-a6b1-b64cc8704e72',593,7),('67a8b0cd-40dd-48a9-a9c9-9059510d7aff',1082,25),('67cdc708-d986-49ce-ae62-481c848767e8',1056,33),('681f9fbc-7426-4c4c-9f27-bf2dffd87b16',886,6),('685c201a-5508-4035-b0b2-932520cf1d1b',1002,8),('686c3318-2bf8-4c79-8636-2a7f25d9d6bb',880,33),('689d8a32-5ab2-4dbe-9402-883651956104',1116,17),('68b699f5-180b-4b70-b891-765a7ed71f87',538,3),('68d80942-62b9-4fb7-8cc2-05d222889620',648,11),('69049141-c70a-41a7-a65e-97981e232b4e',935,6),('6907d4a3-5214-4e53-9e43-cca75758ef39',572,26),('690f82b4-0ef4-41c4-a394-f65ee43dd809',596,2),('6919475b-83de-4abf-b311-89f8a59bf1e4',953,6),('69230941-6d14-4d3f-94df-1e9d11000b64',921,11),('692bfe99-2bf9-4cb4-92d0-98dfb20685c7',702,2),('6932a3aa-48e1-47c8-969a-4cc440e2cb07',543,20),('693bda14-5b92-48b8-8f1c-93248b468502',542,1),('69754c60-dc46-4dec-b536-303b83164ee9',881,11),('697f32cf-606a-4ed5-b813-c829c60bc48e',1071,17),('698fcd16-a87e-4127-be50-1e8fff345343',1060,12),('699f1e0e-47bd-4a1f-a804-2ccff512937d',855,16),('69a238d0-1201-425f-8bf3-870ceefd0b01',869,12),('69a9df54-0238-4273-95b1-7e46e07b26d6',717,2),('69b8c10f-88bf-4252-a6c1-698168b1adf6',719,19),('69d297cd-5b66-4b92-bb9d-7f25927a8500',538,4),('69f10981-fab3-45d5-b6d5-bd508779c3a1',580,20),('69f6076c-b03a-44a6-9191-ed58a333bbfe',577,4),('6a029b60-7975-408f-9b4f-97cfc36af06e',588,14),('6a1606c5-a962-42dd-97a7-c57591753417',1153,31),('6a1d05ad-8d7c-4550-a4bd-1ebbc55f9553',1149,26),('6a1d53ad-6b1b-4503-96fd-a829f82ed0f7',803,6),('6a25dd91-d7f0-4d95-aa3e-359c1ffaea77',694,28),('6a2946ff-6ffd-4609-80dc-e4cd37e2c3bd',1047,11),('6a756e4b-eacc-42f3-bc5e-a97be01ccea6',849,4),('6abfc022-8c1e-432e-869a-ccf0925f8073',861,27),('6ad4ad0f-c310-41de-b087-2d35bb34f216',642,6),('6aded00c-71db-469f-8f14-26cc046c6e50',568,3),('6b00348c-bb63-4aba-a71d-476cabb44e37',844,5),('6b18c270-fca3-43b3-bb1d-d873c0ce51fa',811,11),('6b1c913e-ba88-4a40-87fe-9d50de3c5c8e',566,26),('6b1e80c5-0ad8-468a-bb69-9b62985f6b1e',998,12),('6b1fb405-c85c-47d5-9e3f-ea7f4fe70450',571,12),('6b279591-2921-482a-8381-3ba213a8cad2',829,5),('6b357340-5fd3-49d6-9727-c24d684589f5',600,5),('6b4453a5-54b6-45ad-9ea6-b6d5e76a3b2c',575,1),('6b61ff53-dc8e-433d-ad18-828d2b7d7b13',555,13),('6b696281-ecbc-4e57-b4bb-5f1f3e65cef4',595,4),('6b6a2550-030b-406a-b02a-d6b5b49d641d',568,7),('6b79a5f6-d8a0-4ce8-bcf5-6ee6c5abceac',641,2),('6ba1b5e1-df9b-4792-892c-1fbd725fce7d',818,3),('6bbc139d-d51e-4ffa-bbc5-c1cfd4d26914',981,17),('6bc53d3d-d471-41bd-b191-af6268a83b7e',932,21),('6bd4144d-1dcc-4180-8d02-5373152b17bc',818,4),('6bd97faf-1c57-43ee-998c-0de25783d1ef',990,9),('6be76a2a-2600-4b42-aaad-c8541754f125',1001,32),('6c20a945-f3d8-4601-aa5e-f16206fc6328',918,8),('6c2c3707-af54-4f2d-bb1e-fae7d505b8c6',579,1),('6c304c8d-b326-4801-a161-7a57e414eb66',596,11),('6c3b1ea6-e1e7-4258-abb5-8d8dd5689b44',621,14),('6c71eda4-68b5-4ac6-a2ad-4aef8a20a27d',787,20),('6c807b53-9347-40bf-9284-61df69e1506f',811,2),('6c9bc17f-7c82-47fb-a6f4-740484b05ac6',733,7),('6cceca25-5470-4455-9335-a21b5a1572c3',595,3),('6ce93f75-0801-47a0-afa6-4332e3596031',620,6),('6d09a465-21e4-4dec-a988-d990f1af8267',740,27),('6d1f9924-0e72-4cb3-b79f-8bdf37927cf8',1003,17),('6d24601f-45b6-4982-b4c2-60e828f1b4bb',831,20),('6d5ada29-c08a-4dca-a84d-2896cdf1265a',742,2),('6d89238c-69a1-4715-9824-74bbbcb3ba06',558,23),('6da0bce5-76c1-438f-b343-a0dc3d9fda93',738,2),('6daab1ce-11d1-463f-9f86-b96d9b9fb0f8',875,27),('6db94a98-f2bd-409b-b646-177527d6028d',873,22),('6dba739c-026f-472f-949b-4882cb720815',747,2),('6deb9821-d5a2-4de4-9b12-dd3466e6b771',1192,28),('6e0546c9-4299-4bff-8ea9-a18a2bff6d24',690,6),('6e0700f0-3327-4ba1-930d-4c7ca22e0c44',663,11),('6e150f61-ca2d-4ccc-80d8-0e73542f5c55',1114,17),('6e191eb1-4f46-4ab0-92e7-afaa96b3b056',546,22),('6e205e0a-3b86-4016-afb9-f0a56f914d0c',794,20),('6e35ac6d-e5cd-4ef3-ac03-522a45932069',597,1),('6e5e24aa-777b-4985-8277-37ad7c4dbb03',1117,28),('6e606721-33c1-4582-a58c-12622050a794',861,26),('6e6c0887-7584-44a1-adca-5c05d2754d75',603,21),('6e6fbdf1-d49d-408d-beb3-ed69d2e6eeed',787,31),('6ee37d3a-855d-46c7-8eb0-cabed0b28dba',864,14),('6f3d3495-4cb4-478e-be50-c605179fd349',676,2),('6f3f4523-a697-423d-8529-e41772e2f8c0',625,6),('6f5511fe-b1f4-44cb-9c32-b76f125b3465',908,17),('6f575601-9ba8-4f75-8fb6-6298f64c7933',1150,24),('6f799baa-74ba-4241-87c3-353455aada31',833,9),('6f818504-65be-4a11-b34c-dce2c109515c',714,7),('6f90fc82-446c-47e0-9a6e-1c0e1021867a',811,28),('6fa99669-2ce2-4f51-a71f-80a886bd24f6',802,25),('6fb62999-fb5e-48a7-9ddf-def84d12ec63',533,27),('6fb7f2da-b0b3-4ed7-a624-dea4ff505e47',630,6),('6fbae645-7379-4893-b138-c7e33381efda',605,19),('6fe1e985-7734-4bc5-9639-113f323d08a9',678,9),('70205f9c-dc0c-4c0e-ae12-29aa78f2f659',1188,26),('7034109a-3e46-4c67-b458-fede2daa868f',1001,14),('705aa896-ff44-423a-8617-989c99158890',947,6),('7092c424-4247-4603-972f-0cbed94ad7b7',1012,13),('70b9018c-e21a-4018-865e-d6268f989340',568,28),('70b91100-696a-4f64-ada5-5178d5021596',566,5),('70cd7e71-2b29-481e-9aa9-34ccc99b1584',593,13),('70d42816-eccc-40f0-8191-7ae9a2a16b9d',596,4),('70d72ad2-a837-451a-9809-76accb5aa1d3',597,11),('70dd3d6b-5f2f-42e7-822a-97e88e513cf3',802,16),('70e65990-b2c9-4340-b859-b847d2d1f279',628,2),('70eb3a1f-664a-4131-b895-bbc112b939b0',553,3),('70f0c823-8bff-455c-a534-262671eb13b3',1071,25),('710a96f1-9302-47c6-b6c7-ab98f4ba0188',805,2),('7145bfd9-50f0-4da5-ad23-389285152606',871,32),('7159f856-0301-4719-b1ca-ce03f21d484d',795,11),('718c41df-74f4-4e65-8183-d66b70fcb439',847,31),('71a73f1c-420f-4aaf-b9d1-4bf63d627260',595,12),('71c944ec-25eb-44c2-baf3-121b18d6b73a',625,8),('71d4f16d-c29a-4c22-9b44-3d9e0266429c',720,11),('721513e2-58bc-4356-aadb-4528c2db27e8',544,12),('722c7149-5013-458b-acd6-a30dab38b6fb',962,17),('725e2481-65a2-4c47-bcc2-aaf32f4634c0',855,4),('725f1dec-4036-4e50-82d7-ea8ce495b489',895,25),('726dfd11-2e62-4935-b0dd-9bbca59fff3c',831,19),('7272690c-d171-463a-be41-a3e5ce29de51',851,6),('7273c0cb-b1fd-4204-b142-33e339d1b5eb',950,20),('728c23ff-a1d7-4673-bd8d-525483ef62be',802,18),('7295c615-cc1f-4c78-a2f5-389778238f2e',604,29),('72a62f7c-8755-4c8c-b593-ee337296030a',681,22),('72b3f950-415e-4c21-939a-c24dadd5a5ae',1202,32),('72b934ae-66bf-4ff6-904e-a91c528d3f15',973,7),('72ec4584-4912-4857-bc7b-0b913698cb14',1172,24),('72f1cf4f-028f-479d-b8a2-027aafe05140',544,5),('72ff58b7-9e12-4de4-83e9-aef9ca664a56',704,31),('731b06df-92d3-4c3f-9f98-c27a9792306c',1072,13),('731dad72-15a8-4e61-b465-48020e6f307a',709,6),('7327ed24-4e30-4ed3-b9e0-a0e6351b90c1',855,28),('733d61ec-cf72-40c5-8e2b-61d13db01fd9',959,6),('733d81f5-760c-4fca-ac4c-52a2a05f8f22',550,22),('73541d85-a011-44c4-9bd6-3c88a94b300d',771,6),('737ec627-8feb-47bd-b108-9165c8e80ced',564,22),('7398e45e-fc49-45f3-b170-aa4b468bd358',676,31),('73accbad-a911-4274-a448-72d2168acf96',598,5),('73c23ca0-924d-4a66-aa34-f25d1fe0aa7d',620,2),('73eacf54-232e-450c-9dd4-891b35df1a01',1007,20),('73eb59e4-df2b-4710-a289-147a548660fe',868,7),('7424fa89-4901-493e-95ab-4b6f8732d4b0',564,14),('7435b7b8-2045-45be-8fe8-02357636a016',614,6),('743b71b1-3f3f-4ffc-88de-49e7a59bf807',676,10),('745bb0d9-d180-455d-a7c7-edcbc0468459',586,29),('748b14aa-5b4b-4ba8-8e62-62aa835ac41a',1019,9),('749c8584-8766-426f-9ebf-defc1291afdb',757,24),('749c9712-f912-4b88-84f7-507ad972730b',603,1),('749c993a-4df3-4f42-8b7e-580cc4f538c6',597,7),('74ad3af5-0692-47ef-a3b9-dab9f1d105f4',704,10),('74b35245-bdca-4e01-892d-a9281121b9b6',1092,18),('74b4acbd-1215-4655-affd-3d607925bd0c',1056,30),('74ba652d-d441-43ae-963e-c511f64e5355',553,14),('74c8ead1-e933-457c-baeb-34750d3c0f4a',1047,17),('751837e3-4aa4-4b2f-a227-cab351251e76',792,19),('754ac0a1-5544-41b7-ae4e-172722b85d7a',574,4),('754c7b7a-7afb-4fc8-861d-41b78783493d',998,27),('755e98a1-a454-4ace-aa1c-abd3e5f3d926',596,17),('757048d5-1aa7-465f-b900-8745b4d363b0',633,17),('757cc193-9c6b-4682-b164-50d77de7213c',560,5),('758824df-ec3d-44f0-bd04-8d5074f82277',563,1),('758bd116-2c06-4cb2-b5f6-b905e59bf46e',953,8),('7590172c-cfe7-4892-bf41-f781aef7ac13',898,9),('759372b4-c08e-4eee-b3ee-9db42553435e',595,16),('759ae38a-8e5e-4a76-adf2-77d1a5d8ed84',786,2),('75a9873c-5a3c-4b2a-9f5f-884c7d2ec165',567,14),('75aa7642-6a94-435d-aa3d-266b8f3ac038',601,5),('75b1c084-10ba-483b-9166-04f94813dbe4',722,9),('75d339ae-4887-46e7-bf61-dacc00bc6fe9',577,28),('7609d050-e89b-453b-96ef-cfc3db575b8f',786,11),('7617a68c-5168-47a1-9cc3-149a96dcdede',815,3),('763f98e5-ab63-4117-a2d8-322da2883f3c',558,1),('7654c255-4d73-42e8-992a-4db38be5f712',643,6),('765c535b-214b-4a8d-8ca5-347a6393ac1e',824,25),('7688845c-f5b7-4663-aea3-71caef55be0e',746,9),('7695190a-4858-46db-a4a6-fadc3dacc6cb',818,20),('769eb85a-f521-452a-b184-f174fe1f3c93',1041,20),('76ccca41-0b0d-4ccc-a46e-7057a02ce59c',611,24),('76e36fe6-305a-4683-8f97-edfcdd5b401d',550,9),('7709b6aa-d2e2-4387-90d7-ee0789f775e2',566,12),('770fd47b-1d84-4303-a30d-36a319eade2d',571,33),('77165013-c9f0-45a2-8eb4-117c61830e19',897,30),('774553a1-740f-4ed8-ac12-86b8b7c1ae0b',1059,19),('7781b1b6-56cb-4f4d-bf7a-64d5025a4807',773,31),('7791ef99-3a03-4664-b9b6-98bc589efe15',785,23),('77937f30-6819-4b14-bde6-28a375960dee',791,20),('77f2ad69-7e84-412b-a937-17cd22d31975',566,4),('781ba3cd-238b-4486-9b95-79a88ca9de1c',563,7),('7821df08-fd45-49ca-88b5-a2f4d5a87192',1001,22),('7853875e-ceb5-42d5-ba23-3cc76979b4af',795,8),('78567f2a-d603-44b2-9c05-7d805b8630ac',960,6),('785ae45d-1897-4fd8-9f42-7392ceeb7a06',588,16),('7861f141-dbeb-4bca-9ede-9ff7fd9a54c5',587,12),('786a8874-1b6a-4f3f-b6b0-c4505e643ba8',716,24),('788e67de-78d2-4d89-bad6-330405aca777',818,23),('789073ed-79dc-4db6-9b01-50c5afa270d8',773,10),('78930ee1-1316-4643-923a-cd73619947d1',732,2),('78ab5756-6668-4f93-8525-c30101008d69',638,2),('78b4aab9-8053-49f1-93b3-239ba43d9753',564,27),('78f0e441-592a-4f76-8670-fd4e9b9c264b',802,32),('78f8a504-fe60-49da-ba34-247217156569',867,30),('790e22d7-268f-46d0-b21c-9a392aeaaa8b',665,6),('79110c61-a973-4ef8-ba32-f9c0fc4e685b',624,28),('7949444b-000f-4e32-bb3c-8b65d76eb81f',761,24),('7960d0d2-7773-4658-af5a-7c74826d21a3',711,2),('796adf8f-2568-4363-b499-19668b30496e',638,28),('796fc7b5-f363-419e-932a-f5294c037e8a',761,25),('7972c793-1c18-4ea2-8b21-6bdf64ba353d',969,17),('79756c73-b4a5-4160-9132-e451c61f202f',617,24),('799a141b-b1ce-4757-b0de-4b4758526ed7',785,9),('79b936cf-1548-4089-8c7c-59b4fe2d0b8c',868,12),('79c8bb64-526f-41e1-8e50-27604325e972',728,11),('79e10c42-e5b2-4927-a3bb-17a4f6e54e70',1132,19),('79f3e6cf-2e82-4811-a047-6ce625861ce0',718,23),('7a0053e1-24d0-43ae-867d-48c1b9a6a86d',681,2),('7a0b324a-787f-4917-93d7-a096a3591892',1079,17),('7a17b5af-06ec-4c7a-9a17-dd8477adb585',879,7),('7a3bb4e0-0893-474c-91f7-4e8c734fbebe',683,11),('7a456944-30ea-4b61-bcef-ff17d0bedb16',543,17),('7a4b6993-fdf9-46f8-bbfe-c24496b65413',881,27),('7a5ee9a0-dac3-4438-8425-ed62a6944acb',768,20),('7a9eeef6-a082-4e9f-ac77-533cdb76b7c9',751,9),('7aa214b5-33ee-4c64-b523-d378773d710d',529,1),('7af7a143-0ebb-40dc-b788-92f7988ee1a9',1058,33),('7b10f106-dee1-4dbf-8af5-b0007752f9be',601,10),('7b113348-16b4-4151-8d9f-f2e7bd7b4371',994,6),('7b1e739f-cf70-458c-b053-39a6634f53a1',1058,16),('7b271174-128a-4e6a-9de5-919101566da2',767,24),('7b3a9f7a-600d-4c11-8e3e-40434964e20d',929,8),('7b42e525-924c-4648-b030-9559efe90950',558,8),('7b539e19-0091-4f64-af47-aa4566f848e0',546,26),('7b58983c-b05a-4a1d-8633-f18ef480959c',765,6),('7b7b5e78-261a-4a82-903b-03fd7178fd32',863,5),('7b93ec8c-4b37-4200-bf2f-18d58dac1452',600,3),('7b972277-c886-4e91-84d1-51032fa2703e',923,19),('7bcc87db-52d7-4dbd-b074-78236ae4440a',588,22),('7bcfbc0a-158c-4532-834a-3e1f4becf1fc',629,17),('7bd39f8d-f915-4798-9d20-8fdae12ea8a5',615,2),('7bd74f98-1399-468e-a9a4-05bdc8237b1e',894,10),('7becef48-5c67-45e3-9da1-dc9fbff797fa',740,7),('7c0301a3-6369-4e64-b294-d08c6b8496e7',558,19),('7c17df2b-b6ea-4a3e-bdf1-63d5cec06e2e',866,4),('7c3200dd-4141-4f0d-b0f7-2b6b0a318228',976,6),('7c3e00f0-5f48-4a6b-81bc-76e4a8bcd975',802,23),('7c549ea3-5cd3-43b7-a0a3-c63a73f51219',1195,32),('7c5e5e5b-4dc6-42e6-87ec-eb1543850ffc',868,22),('7c6e6169-24e6-4bbb-a820-fe7a54ba1d41',763,6),('7ccf0023-27dc-4430-96a8-3c62e7ce9b54',627,10),('7cd3aa6e-0c36-430c-b78d-aac7f03971b9',714,32),('7cd5ff81-995f-45f6-afa5-d1334588893d',638,12),('7cdbaf86-f8db-4af2-8646-e298427b368e',770,24),('7d0ca3a2-e266-4b33-ae60-fcd53ae737db',1028,14),('7d194996-268b-4e42-8816-c65ca9a3ac09',587,26),('7d3650e6-0011-4baf-b4df-42b50f06935b',589,7),('7d39e590-6146-40d6-9323-56c1d0d024e2',1145,22),('7d3b9ce6-3439-480c-a18b-9202a0f93f63',975,6),('7d958552-28b1-4cae-93be-1b12732ceb80',875,18),('7db26bb1-7694-4d74-99cf-7a9d00d2adc1',718,9),('7dca5630-3e2a-4c24-86c0-1747db39ddec',572,14),('7dcd34b1-2120-4107-bce3-1bab1670186c',710,24),('7ddf687b-e6bb-4aaa-bd33-048a96c76696',595,13),('7e17ba74-091c-485b-a115-e131651cc8c2',603,32),('7e5a3159-e9a4-4d62-9ac1-5c7ecf15e763',1064,13),('7e5c35dd-0164-422a-b288-b0b68cd0ad2f',718,20),('7e60a0c0-e860-406b-ae55-116757b47733',550,1),('7e731f9d-18b7-4b1c-a7a2-abeaf48aa2f0',824,27),('7ea4ce62-1175-4704-9afd-07b08e59870a',999,7),('7ebc61bf-2ed0-4cc3-831f-4bc35529cbec',921,10),('7ec915f6-3c6a-42b9-b7db-e883a715f8eb',935,23),('7eed92a2-83a9-447f-9e1a-e5e11e9a5e1f',745,6),('7ef1baab-9c95-4e76-9e81-5c15bd31ac30',731,24),('7f16703f-c0e9-4b77-bb55-01ef244f1d63',839,9),('7f21f831-4113-4346-8453-bd731dda1537',928,8),('7f361dd0-7c20-46fc-87bd-f0af1cf8d3f4',719,6),('7f3a8e5b-6745-4020-9bbc-718565f06d5c',550,24),('7f5d17a8-130d-494e-b3f3-8fb4f74c17e4',593,2),('7fa4ee34-ddfa-4ca6-ba21-7b5af6a8d072',793,24),('7fb6f8cc-88a8-4ccb-a365-19b8e5eaa3de',885,6),('7fba62ea-12a5-4b42-a986-5c9c80917d3f',850,4),('7ffd7af4-a20d-4fd9-b5bf-7bfa2c27a10a',928,6),('80106c43-546b-48cc-b15c-2a4b2096c49f',676,17),('80207ba3-59a9-4815-980c-07338b27bc63',1069,13),('8025bd86-8600-446d-8be7-96a4ef369f6e',555,14),('802ef43a-e2be-4696-b627-252e7a298882',923,10),('80395c68-143e-48db-9ebd-e62388c618a0',596,10),('8094e5b1-6899-4269-979b-ec9f6e93af4e',787,24),('80a6fcde-a9af-4eac-96fc-3b0e6365ddde',688,8),('80a769fe-a6c0-4ad5-a463-0c4a31806671',538,7),('80b585fa-b1e1-4c28-8601-c6a5d866f23d',1029,9),('80b98bd2-d99b-41c5-8529-6624191ef17d',532,7),('80b99a4e-fd35-483a-b83b-634e02337102',554,21),('80c94a28-54bf-43ff-acc8-cca7bc957ac0',809,2),('80fde1db-47b0-440f-8a9a-dc1f93a37ccd',980,6),('81021d06-c953-41c0-98af-cf71b146747e',1044,11),('810e6813-cef5-4962-a1db-75e75d4694d2',600,10),('8111d53b-4d85-4f9e-9d4c-4a99a29e3806',550,14),('8151aed7-d373-49ac-a83b-1693637a9d3e',664,2),('8177237e-d553-4335-b2da-5ccfe618876e',670,6),('818cc2b1-4bac-4240-9941-9ec7a6e5a12f',772,9),('8194f8f8-4c6e-4650-be4f-996a6a854817',818,28),('81a5b42a-3e09-426a-a882-71b419966234',585,4),('81ac189e-dc8d-44f2-bf28-ccc8439d2d9e',581,1),('81d7b27d-a420-402e-95be-01c94e5b6477',572,27),('81e29cd9-7acb-470a-8a82-d30f0da43bb1',650,6),('81ecb0f6-87e8-498c-8dea-6d8de76e7778',558,24),('81ff317a-cd8c-4ab9-909a-a16547ac3f68',1170,24),('8224e548-e4f9-49fd-981e-5283c29db5e3',844,4),('82261fa4-66b7-4db4-a2f7-640d7056a403',550,12),('824046cd-86a9-4d83-9ca5-90a2583abf11',629,2),('8258d40d-af1a-44fc-bd10-2c2519b16836',777,24),('826468e3-6561-4ce3-be6d-b194ce5a9ea7',668,24),('82664a1c-ed2c-4014-baf3-4cd9a194a29d',670,9),('82732eee-df0a-451a-bb34-ce300c34b2c9',596,13),('82bd2e6b-8e44-4354-babf-d04f6997f8f5',861,16),('82e9df29-823b-4d56-8f5d-75959b31cbde',683,17),('830fb77f-9774-4035-aaa3-59c61899abfe',870,5),('83113274-2cfe-4e61-8327-cfae1d5bc929',972,20),('83164e93-fde6-419d-a2a3-7bf2e40a220c',580,28),('8347bfe9-d250-4d50-8186-054990c2060d',757,17),('83574cf9-3689-4e41-ab42-ff7262c35c0e',938,28),('83677072-eb10-44b3-874c-e24e6c6e60f0',1012,24),('8389da03-a07d-4af9-953d-73b4fded1759',851,4),('838e9f43-46a4-4e16-b2a0-e63ac83447d9',916,17),('83b30666-0dc0-4675-870f-3f448fa439e3',805,6),('83b31a35-ec87-4e4d-ba93-3e9dfad5e302',811,23),('83bc5224-f228-4287-95d8-e46fa2b0f138',562,13),('83def66a-2a68-49b5-88db-fb492d7d9f52',1160,24),('83ebe9aa-ecfa-4e4a-90fc-3d74d619997d',578,12),('83ef34ad-ab79-4bc0-bada-6af0861255e0',978,6),('83ef4ede-0e7f-4614-ba62-dd7fd1006995',1003,28),('842e1b34-3e7c-4092-b740-53bc9787b4f6',1109,20),('8430fa24-da94-4d3b-bfe0-8f4f6d75fb6f',1130,24),('84359adf-1e4e-404a-9ae9-c3e2827ae878',593,19),('8461deed-5231-4a83-bd4c-af832c670a6c',878,27),('84627859-5586-4100-aa18-2b1db2bfd4b2',595,9),('84833942-d408-4dff-a1cb-6d0e66a586c6',548,16),('84c6f15a-7425-4100-8240-bda13b3b6011',633,20),('84dcdff5-e9a2-45cc-920d-7dfab383bcff',604,33),('84e13c15-d5cc-4ecd-bc8c-ff890707d6b3',1131,33),('84f2f60c-4236-4b6f-9c5f-9f199265a3bd',990,11),('851d2b1b-c609-49bc-98ce-7762c4ec5873',1039,16),('858b679e-f58f-4b7a-bc10-29009a25c5e1',681,25),('85b45cc7-b1ee-44db-9628-8299b46f99da',1001,18),('860496ac-e945-487d-8941-bdcea7e37f46',751,16),('86103180-0968-4529-900e-b1c718119b77',899,6),('863117a3-31c5-401a-8ce9-cd21b35efa29',729,2),('864795f9-e15c-4eec-83d9-773f4a40da3f',582,14),('86587b4b-5bae-4d64-81d4-00850249fb01',546,3),('86774eb0-7f18-4a19-a654-8a90638fd6b7',706,17),('868f3cbe-b202-4c33-a614-85481dee1b41',748,17),('8693df9d-5dda-4f01-ada7-32e5d52d8f7d',996,32),('86b91133-c600-4609-93ec-de43f50407f9',1089,14),('86b9d71b-6b7a-4ef2-8585-b6295e56c539',557,2),('86c4237b-a0ce-41d6-887f-bad8f3b12486',865,5),('86c64c24-9010-4981-81cd-35508e41a4ce',684,27),('8729f94b-6995-44d5-9442-5c7780b0bc5f',1037,9),('873239c0-8665-4d91-96f2-21664da14a63',827,6),('87514c5c-22cf-48d9-9fb6-86212031ae28',973,17),('875715ac-348e-42fb-9bd9-460cae4013b2',843,25),('87686a92-c77c-46d1-a5fb-0b33928cbb3d',665,8),('87698336-5947-4ad0-a74e-dcdcbec9252e',759,24),('87727a1d-d9a0-46dc-b1c0-ed6d0f05dd39',867,5),('8790114f-ffd5-46c2-aa94-0f99a6bde107',1173,28),('87a3fea7-9ec0-42d1-8715-65dc0450cbb2',1004,8),('87adc94a-bfc6-4aec-a068-41d865b66a08',1097,20),('87c02ef1-07e4-4bc1-af24-5b45647c9ab7',854,6),('87ebf7d7-1a98-493a-ad53-8290c8e301a8',554,5),('88130ecf-2781-4dab-938b-8cbeedc91bc6',669,2),('881cff94-851b-49c7-a17b-bf96e2539995',983,9),('88206a91-3593-4b7c-846a-a3cbc6f38964',1098,23),('8820e965-1039-4d71-9c86-1ae1525bbeb8',1162,24),('885ab13f-7c87-4c24-94f6-9e27a064360e',967,6),('887279d0-193f-4a75-af3f-44793a0bb54f',922,20),('887a816b-e6cd-4e8e-a47a-6e01896a53cf',1000,17),('88850025-7d3d-4d55-a4d4-9f445df2690b',558,7),('88a1aab2-c83a-43c5-b0af-4715d5d716e1',953,17),('88cd0bf5-7495-468b-b2f3-e6c428ac9c6a',1112,17),('890227be-fc57-41fd-8a93-e511daf12d80',539,13),('8927e2d3-9d95-4153-959c-cff66ee569f4',778,2),('8928bfb9-5b28-4573-a327-eca9c8bbcb6f',544,14),('895714ea-b80f-4d8d-b61d-89d24636610a',586,22),('896e5850-dc72-4606-96bc-7c4a0ddbe86a',575,7),('89a99754-51ed-4207-bbe5-ddfaa4c97b2b',638,6),('89bb3d8e-eb13-4193-b153-c1c854a839a0',1098,17),('89c27204-20b3-4281-8051-ce44e9b0d33e',604,2),('89edbc38-e228-432f-9f78-2614cf6e7dac',1025,9),('89ef1e07-21de-4948-9374-e66118839a4b',830,18),('89f22b5c-b119-4bb2-8680-37bd814fc1f0',637,2),('8a09f894-e467-4df4-9357-3f682d5d0e59',1077,21),('8a149f16-0962-4d8e-9523-8ed513f9e653',839,4),('8a1b59a1-8744-40a1-8fc3-febc80ca1939',882,11),('8a4428e7-fea1-4356-8101-dba60b894f69',866,17),('8a5327bb-0011-4e6e-aaba-4fc6073e592d',627,31),('8a5b4234-8590-4149-ba72-cf672a7e53a6',592,1),('8a742f79-971d-4f7d-bbb4-37eb7e19611e',753,6),('8a9062ae-4c44-479b-bcfe-ac1100d480ef',871,16),('8a9a68cd-2c84-4540-9b29-a8358712deff',796,16),('8aa2ad4b-55c0-41f0-81f6-9d9011b04cb8',793,20),('8ac6e10f-4d47-4783-925d-162a34a092d0',603,4),('8ae3b222-c49c-4779-9054-52f8cc0e02d0',665,17),('8aeb57b2-24f8-4d98-b1d3-a3b57357727f',917,6),('8b1a31ec-c9e3-4a91-b7e0-0af3f4f447dd',785,11),('8b2b1600-3d35-447f-a4d7-6ee927db28be',999,18),('8b3b8b39-5da0-4990-a66c-b9a497e6696f',824,3),('8b445461-4a0a-4436-b646-a18cbbdbc369',696,2),('8b55bec8-2693-4916-9fbb-c649d4d62ef8',1080,14),('8b8adb1d-86c2-4207-ac69-0a7843fa501c',882,19),('8bb7b4a6-90a9-4f1e-bf85-08dd151bcb95',851,25),('8bd1d5b2-21e2-4c58-800d-0e135e6b0c19',562,12),('8bf782cb-14d7-4e64-bf1a-01701fa3126d',595,5),('8bffcdcf-382e-4a1e-ad77-779f517fbe35',561,22),('8c0462ac-948b-432d-bd5b-f899ee029bb2',568,4),('8c206ac1-cbbf-4284-818b-5bd71665b84e',602,2),('8c373c89-ef3c-4825-874d-745a182cae81',790,2),('8c3bf621-4f14-40c1-834f-39d4d577a74c',1026,9),('8c5f20cd-cec1-4a0a-8ce3-cb7465e77ee5',920,25),('8c6591c0-7b68-401e-9988-894969c6eeb3',567,25),('8c6e49f2-ec3d-4cf5-8458-94c1ca18ec5d',965,6),('8c6f012f-fe8a-470b-8eb3-0d16a8d4ed0b',574,12),('8cc670ad-f962-4afe-9249-b04fd6f93518',589,5),('8cf5c7df-abe1-4b06-abb6-7701121c7ca7',539,1),('8cf5fdff-6b21-4976-bcdb-16319afac758',1167,29),('8cfbc84a-30aa-4f36-bb64-880f9439dedc',557,4),('8cfd2656-3dac-4790-9d48-7a895dbcb072',653,9),('8d4a0640-99fd-4a67-b594-0823bd8603b6',1001,30),('8d4c2d14-2c4b-4175-b9d5-c3fb7da25272',596,15),('8d55d025-036e-414b-a0d1-bd38e0e34693',878,5),('8ddae2bc-5dc2-4718-975f-be5133703afb',890,9),('8def6ef9-a209-4518-ac1a-7a0ec3c1a6b3',572,29),('8e011271-757c-46bb-a6c3-bbf678db190c',623,2),('8e4d57f5-cd05-42d9-9790-9cc6af9c7324',771,10),('8e9523f7-3316-4118-8482-2e44c3abb122',646,8),('8eae852b-4a71-4df2-bbed-ab0834b7ab9e',1087,14),('8ee17510-b230-429e-aaa1-1b639645ce75',598,6),('8ee46ca5-88f0-40ea-afe1-9dd68b2ddd88',1186,26),('8eee4207-53dc-4b6c-85eb-1d000510423b',593,6),('8ef1cdab-f29b-4e4a-8309-c498aa8282cb',794,24),('8f0b9bdc-a42d-4b14-b8cd-b983e396bcab',536,25),('8f0bd00c-9ef0-4785-b3fd-d1170a197c8c',601,2),('8f37a17e-8bfe-4dd3-98dc-e786812d3321',1008,8),('8f3acaf7-73c4-4c1b-b884-c80a74651f8c',895,6),('8f610f18-503b-4511-8d59-09a7a65f8ee7',602,3),('8f6f4e71-fe99-4552-ac1a-9f5939a5719f',1129,24),('8f759be4-0949-4e1c-a008-978e114c4b53',603,22),('8f7bbe7c-8ac3-43e1-b975-1c1b605c06f5',875,12),('8fac704d-cf03-4c05-9301-9e1d8c53d298',534,1),('8fb93325-745c-4eac-b91a-709ecb66cf4a',683,24),('8fbdfa4b-cd73-4876-a51b-806e18cb4126',1050,13),('8ff78913-283f-4f74-b610-19a705e4b614',803,24),('900f6855-55c4-4517-ab10-db24d55addf8',614,25),('90233af6-6bd1-4eae-9615-f5aa04835a9d',923,20),('9025716a-5fa0-4263-bc4e-4e820b97169e',843,16),('902a9c52-d67e-45e4-8960-2edd6eb5bf15',708,2),('90512344-22ce-4e60-abd5-1e7f10ec3199',1129,28),('90526201-57e8-4223-9c69-a2091ecaf468',996,33),('90554b88-84fc-4e28-9851-ac139c51f22e',740,33),('90687574-a815-46bd-ab5c-288c2f95991a',746,11),('90728725-b6b4-4d8b-a356-362ed9be6e27',608,19),('90b865a8-f82a-47b6-ae15-f534214977ed',574,1),('911ea05f-ed5d-4b3d-b535-993846ffdbd6',529,4),('913a551a-8e15-4697-826f-2fdc31af9fc6',562,4),('91829391-d631-4f31-b73f-eb68a1159b6d',728,23),('91a0f1f3-ccb2-4631-903b-349de4bad848',595,11),('91a2efae-f6ce-4f61-b5b2-1e5aa5cd7b7e',604,19),('91a5fb66-c93a-46de-9cd5-6f3b8e21c340',968,17),('91c73349-da4d-4fe7-993a-72dc82b7e46b',944,19),('91db19dd-75d1-4c88-b728-57dfb57fbe51',821,17),('91e4c991-2dbf-45ff-80ab-1471d37363d8',998,13),('91f26bd1-8cb7-47a7-a8fd-c19b396edee9',693,31),('91f40d31-4c85-4bb1-bbdb-99258c18404c',819,4),('9231e069-4b3d-49d9-8621-7c730694e074',998,14),('92479ec4-75c3-4dba-bd66-335ee4cc15fc',771,31),('925c5e7e-f8c5-4eba-9265-602b855fd687',580,31),('929a69ce-5044-4bc2-867f-82f9b1a94436',1082,14),('929e949f-6b0e-4915-8383-d9d6ed03c177',665,31),('92a7b4fb-27ab-4eb4-bf42-8ea22ffb5b12',999,33),('92ccee92-d899-410d-ad34-4e4c9f0b7d2f',580,8),('932d29c4-6327-4295-aef1-ee2b1f7a2184',553,22),('9335c9af-bcb5-4dcb-b2e8-84cb6df84ec5',964,9),('933f4d25-6daf-47c3-b857-5ec2664de33b',536,18),('934da20e-ee9a-48f1-be8e-f88101c77810',619,6),('9357bb19-3f61-4011-bb1a-8c2cdd753b91',1079,13),('935d2bfc-f168-49b4-9665-9114f6ec0d8f',990,10),('939df9ac-3331-4583-af04-9a780a842f3a',829,4),('93a46d89-5f7c-4048-a9bd-a4e130d2eea5',930,6),('93bc5d7e-4864-41bf-a6ae-5fe10fc842bc',533,29),('93c6eb20-2d95-4a95-a0d2-a6671aea0e3b',804,9),('93cea67c-ee48-4215-bded-297f838bb7a1',565,13),('93d11ef3-b733-400a-ae20-27cf71bf4935',640,8),('93de2e83-d7f3-4cd5-871b-cf4cdc82c7e1',865,4),('93ee79da-ee1c-4620-a598-450ac7980e50',1187,28),('93fccff4-29f1-4e61-8a49-dab47179e13b',807,14),('9400953a-3d64-4f80-ab8f-628e1860729e',1078,13),('9407fcc8-5e87-43e6-a841-3c3cc632dbb6',567,16),('9416df05-32dc-4f99-8cf8-84dc5f9fbf82',676,24),('94324e62-e332-4227-8002-186e885bb3a3',535,26),('94340872-85aa-41bc-bf66-4d0332e809af',1051,14),('9442d215-6c63-4bd7-b7d2-e105f72fcb86',804,2),('944a56d0-9ebe-4a3e-84ff-f48f06ac9a90',718,24),('9459f151-45b3-4302-a9cc-316c58184d9a',1107,17),('945ae456-0bcb-4104-80a9-683385ffc17d',940,24),('948dfe06-996c-4dcb-994a-61bfde86285d',576,12),('948fe65c-c427-4fe7-b317-d71e4ad3d956',604,26),('949760d0-0c60-467f-8b54-abc12a9a8b44',785,20),('9497adf4-bea3-411f-b79c-8b38c5c2f1bf',822,4),('94ac79de-789d-4962-be44-add630424d4f',902,8),('94d800e3-81a8-4cb9-8c75-86967f78db19',619,2),('94e291a5-3b0f-4a70-85cf-a2ea40baf82d',1169,24),('94f5908e-8761-498d-867e-df3f4d26a60c',967,31),('94fc1d3e-0f96-4b5e-b669-29250a937910',784,2),('95002a19-b14f-4013-b985-78ba3387cadc',594,12),('950d2ea7-7684-4376-a7bb-717cc4c4bdff',828,4),('952908ee-225d-4e34-b4c1-9f537f84c3a2',1073,13),('953e5755-b029-4c3e-89f2-3613d949fdb1',997,16),('9541b1d4-0cd0-49b0-8552-8764820f4f7a',684,19),('9547efa4-43e9-4dcf-9d53-f491b8405ee4',773,19),('9552fbac-9baf-47b4-8d55-47ce578b3f8f',720,2),('9573c74f-4be6-4d93-8954-ba04f639f98e',1158,24),('95c76741-43d8-4794-b008-ea68bbb9ccdd',914,25),('95cbd851-6af4-48cf-b81e-34b958540a93',564,13),('95e6a59a-422e-4bed-ae18-563200bdca03',1006,8),('95e9cc0a-920a-4b78-aca4-2ec0aa50992e',774,2),('95f0081e-3c3f-4a22-be56-9ad4865a5e1a',532,19),('9638ad91-7361-4f59-9a94-2ca7ee2730a1',550,32),('9639a6e4-bdd8-4ee4-8517-6a224eea0e1f',969,6),('963caa18-48df-45e8-95a2-ca7ebba8fe0c',942,28),('96546d4a-d81d-4248-84a7-f2dceeb525a3',820,3),('966aa31c-db42-4b44-8cb4-c3163e79148e',956,24),('966b6248-6075-4094-8ff4-e352103ec3a4',612,13),('968810fc-0a0b-45dd-ab43-b4ff34dc3bba',1034,9),('968bfbde-dbf5-4e83-84fb-bf24bfadadef',685,31),('969d4b27-dc48-454c-a9de-8ac49dbae59e',1114,28),('96a11819-fc8c-46ac-959d-d58f1280da0a',709,24),('973c2068-2df2-453a-8469-1b5b1c8107ce',586,13),('973e0bda-5fae-40e2-80d3-c0bbb4f89241',594,11),('977321d8-65f2-47b9-a4fb-edf44c0e71d0',684,32),('977bd1e8-89d0-413b-914d-e3d5bd1a90fd',1155,23),('979b0107-3c6b-45cd-be6c-ff25ec8f3ecd',864,13),('97a2a337-995a-4b68-916b-e22e6b7aeaed',595,20),('97b3f3c1-f55e-4fbb-8839-12ceb34c9556',796,13),('97bcec4e-ab37-429e-b349-552d26438a0d',549,16),('97c0e2a2-ccd6-48e8-922b-22bb686112b8',928,14),('97f56f7a-988b-4b1c-b937-280c11618068',827,17),('9802a474-9dc1-4654-9932-82dd0d0fac83',533,30),('9815efb3-fe24-40c1-9629-072905e477bc',552,12),('98172ae5-fa2e-462e-b57c-c6bdafeea650',784,20),('98408736-0fee-492c-a47d-290a93e1df5c',1070,13),('9845ed8a-0fbb-4a40-b60b-ecbc6785454e',817,13),('985541f0-b6dd-43fd-b0ef-cd6eba70c30b',801,11),('9863b3af-7cca-431c-bf63-0c9b847edf74',550,5),('9869dca0-6485-47d6-bbcf-2588102de687',895,20),('98911f10-c6c1-4083-b37b-0581e373fca3',1179,25),('98b17be6-2eed-4328-a585-847c6ceab87d',937,6),('98cf172b-8abb-4685-8fba-50edaf066398',949,6),('98e83ab4-6ec9-405d-8233-ec67b37dcc78',751,10),('98eb0aef-8c8f-4645-86af-a4f539529139',720,10),('98f9c744-08ae-4f4c-8602-b6493d048f05',742,6),('9928d378-68cb-4f3d-87e4-69b0fc48c755',921,6),('99294324-01e7-4b07-87b3-3e731ecf9d8e',546,27),('9930ea43-568f-445a-8065-bbd19ca758da',741,6),('995bd77c-0518-4784-8c42-2bfc59249040',1104,17),('998ded4b-2855-451d-bef0-347dae37b487',624,2),('999b6985-7eb2-4176-a73a-b192b86c1b5a',593,20),('99b8c14b-651a-49d5-9c58-b485964ab92d',603,33),('99c50dee-8237-46f9-8077-4ad981012efe',566,14),('99da0dc2-5a6d-4214-9f31-9a4e67685057',767,17),('99de3511-c0b6-446d-a8bc-bb52e3b6102c',1056,12),('99f0f8b6-420b-4322-90fb-ad2e44d6490a',556,27),('9a03f43b-c72a-42f8-88f9-4258af2f46f2',998,15),('9a2bff1b-1b4b-4cdd-a764-dfee097831fe',565,27),('9a361c0a-16d3-463d-a2d5-7e3835c28383',967,24),('9a42b36f-3d40-4b3e-9274-3585b1413817',565,5),('9a461776-58e4-4177-b14a-6cc1e18e15a4',604,7),('9a56725d-0f2c-4824-bc27-683735af83c0',991,8),('9a604760-6c44-4cc3-9d19-6def4f31f849',694,23),('9a680cba-ce27-4fee-8a2d-7abfbe9b5a5b',556,25),('9a71b5ef-8e6c-44ec-850f-55a0686ff796',848,15),('9a8246fc-981b-4c54-8fba-a48a1d4c5c7d',957,32),('9a88d1e1-407b-4912-b8d8-6f67c76cfdba',895,17),('9ae74dc2-fd10-43ff-acfd-3a4610de33ef',1161,31),('9af6c7cf-0430-4c2a-8e68-487ca767e913',1075,17),('9b118ee5-aca2-444d-97b2-ef3a74bde830',891,14),('9b2b715a-83a3-481a-a039-4bac01101bdf',792,31),('9b64de8e-e37a-49bf-8cf3-2d3d8624dc35',558,14),('9baafaaf-5ce8-40ee-822c-84b42bdb63a4',855,7),('9bc54fd8-51d4-4604-b9f3-56e91a08f939',594,20),('9c0577ed-803a-41ab-9284-b5a166a2bfb1',527,1),('9c080479-b2ae-4adc-90ae-dab1ed88ea8e',703,2),('9c2c39d0-5fc5-472b-951d-e33ed681c65e',929,24),('9c2cb976-aa26-4fdd-90dc-968caaff81e1',718,10),('9c30fa47-91ad-4a01-98b5-58c859a34844',603,10),('9c5cfdfd-8887-443e-8213-c3096e357b18',1023,9),('9c66eb79-1de8-4ba2-a071-7163ce2d3cb5',1091,14),('9c8b6da3-0933-4a31-adbe-100d8615a87f',593,14),('9ca35856-7e8f-4c8c-914c-37f2a253dd14',718,6),('9caf2d6d-2f9a-459d-9b5d-b884c3c0baae',635,6),('9cd4dd63-ff6a-4062-b1b7-a437c8322df2',1134,24),('9cfcd5c9-7ac2-4bc2-966b-f0b12bdd9fef',1101,28),('9d0178bb-4301-4f27-bb09-272cc51482c0',690,2),('9d47edf8-4a50-4251-9ecd-20210950161c',614,2),('9d4ccef6-d8fe-4e65-86de-4a94cb30be20',539,12),('9d5aa727-3f59-4809-abf3-0d317c52d873',1204,33),('9d65c711-04b4-4dab-a275-8cf37be0c529',878,16),('9d675f67-ce2c-4ee5-9e57-106fd1d7f0fa',881,26),('9d67a6a9-8666-4963-9917-fcd9f4cb0354',932,12),('9d6d4961-ee42-40e4-af41-bd044cdcc3e7',535,4),('9d7f8c3c-56b7-4eb1-8dae-b2e3efbfd2dd',768,2),('9d9e627d-9817-411c-9927-46c5d2773331',870,22),('9da752d9-f6da-4c4d-b07f-97fdf71c87c6',740,16),('9dc2fd15-141d-4de7-b51a-9e56799eaa41',841,5),('9dca9757-3c3a-467a-b4ed-526d215c3c2b',1115,17),('9dccd7ef-7c65-4252-ba28-d88a1e005520',705,6),('9de5f1f7-7aec-4894-bd8f-bb83fbafa38b',914,17),('9df52335-081f-4ca8-8cf1-eb25c96e4ca6',719,20),('9e023375-8437-49f0-a2ea-24dcf570b90c',728,20),('9e03ff7d-8605-4c8a-8c0d-dbd18f056b62',873,20),('9e1c121e-af24-4587-a837-ba5be9e8f6e4',834,5),('9e8eba08-0bec-432c-9797-fe71eefec3c5',572,4),('9e8ed126-45aa-41a3-ba4f-399206a8c998',1178,25),('9ea47b60-b9cd-4735-9ae6-300f0675b23b',567,22),('9eaba9b4-3c3b-4338-8e29-60df65fc5dbb',605,8),('9eae2cf0-f73c-4910-8abf-6b397b602e46',580,32),('9ebe7e91-65e9-44cd-aca8-c62383492d5e',550,16),('9eed8083-43bd-45c4-986e-7d91c48bc764',1073,31),('9eefef07-40d3-46bf-9767-f79eb6351d9b',552,27),('9f033ef5-e66b-43ae-993d-b7fd3e01430c',1148,26),('9f50c970-e821-4137-b931-474fd86aa5f5',1146,29),('9f7395ed-476f-469e-ba7f-ee783a7508cb',552,9),('9f7d64e6-82c1-453a-8584-668c481b3266',682,6),('9fa5e5ce-9913-4073-aec9-3161963135bc',998,7),('9faf30c1-b86d-4e61-8927-c9a7488e6f67',763,11),('9fb8bf35-fb6f-4d17-a07b-fca6bcaf7b35',604,16),('9feef664-abd2-41e7-af85-ebd8e1cb351e',653,2),('a00b2c48-323f-443a-8ca0-e5043a07d5ed',898,20),('a01b6e1d-ae9a-4704-9527-a166c7b24566',676,28),('a01c9165-ee73-4216-8719-18fc3177b947',615,9),('a04487a4-3287-4c1b-887e-2d3826433c26',663,23),('a0455056-8e17-4437-8266-3660a7070b75',605,2),('a0819d56-394d-44da-b7fa-d0f63f7fb78f',586,30),('a09a8610-3518-4cff-8235-170f249513b5',977,14),('a0b4e0ee-84fc-4128-b594-b8877f1075e7',704,24),('a0e15604-0c54-4ab0-8cef-90e42b22d2db',624,20),('a0f924c4-8bb0-444e-aa04-dcc6e05c15d7',656,10),('a1206bd6-c2f2-455c-beba-5597a8a79300',1167,24),('a132dc98-ac64-4465-9b22-026b0ee0d0e7',683,28),('a1388ba8-9f75-4430-9ef3-54acd6f818bf',663,24),('a139ef41-d23b-43c0-9774-0f343a8fbb57',1179,27),('a13a93fd-7fa2-4120-a91e-78fa320305a0',1056,14),('a1502aad-b3a0-431e-a10e-5705b8d2899e',933,10),('a1608667-6c9f-46c1-b361-9778f9c1a7fd',919,12),('a1629fb9-5bd2-4458-a8eb-7cb80e1e7c6d',1110,20),('a1714cf4-e048-42b3-ad99-d6cff098641b',626,2),('a186afaa-19f9-4bc1-b33e-1a423f306f54',577,1),('a192dcbe-8cd6-40cb-9d4a-e54ac2696530',1010,17),('a1b902fc-2038-4e79-a2e2-c1781d88d9d8',580,3),('a1d5c028-b1da-4931-8c12-f24bf6396df1',596,19),('a1e77419-3268-4039-b48b-d2bdffb174e3',750,9),('a1f2c454-2ade-40c8-8842-227ed02f0910',767,10),('a1fb485d-ec4c-4c0f-8ae1-c2225c18b1ce',902,17),('a212d139-43e7-49d1-8947-2019fcc45522',823,4),('a21e04ab-ab7b-4226-937f-1546fec0593f',911,28),('a228fbc0-050c-4075-958a-435632cb85fe',1012,17),('a22b0632-49b1-4004-b637-e6bb98d8d0bd',914,6),('a23adffe-9927-4a4d-aa93-5f37cbabfd6b',744,24),('a24be28c-9e14-4256-a3cc-81d5e7cd8713',956,6),('a2a361e0-6f69-4b72-811d-fb02f1b46238',853,5),('a2af1cbc-e8ac-486d-b94a-57db48326088',878,14),('a2af8a84-cb94-4d2c-a6a8-70db2e76498a',927,6),('a2d1f826-40b6-41d5-99fb-280040f6178a',854,16),('a2da0f48-c606-4fe7-a844-ea6929729320',565,30),('a3329f7e-c781-4452-b200-65aed2e9b488',838,17),('a362f3cf-4696-43c8-bfd2-772b69cebd62',874,30),('a37f223d-c0b5-406e-836a-e255a9438610',565,26),('a380c7e6-b9ac-46e3-b48d-3a4a3fd3b0c1',1099,17),('a38458ca-b0e1-4e6c-b54d-1e4d99888928',636,2),('a39e4662-c460-4d9f-8d09-dddbd037322a',1008,24),('a3bdfe60-5a47-4ae0-a956-3787871678d1',1077,25),('a3dc1480-9cb4-4de7-b630-dc7478a25750',1039,11),('a3f522d4-bb14-4459-ae76-66db69e70d0f',701,2),('a4017254-5303-4102-8f52-187a35fbb078',543,31),('a41c6e47-d7ce-47f6-915d-b5092ace3716',882,23),('a43222e0-0aba-410f-8706-6c13020d57bb',870,12),('a43cace1-044d-43d8-aad1-1eb37021b19a',1163,24),('a46ce37b-60e6-4443-9ef5-4cbfa82da3d5',856,4),('a4729e98-f4a9-4f53-a750-d0fd89405b5c',632,2),('a492009a-9564-4c88-aac7-6f187f538949',603,19),('a4a521f7-625d-4141-bde1-7d49d321f043',542,7),('a4babc68-f790-4063-8e84-80ea8a83ad63',998,32),('a4d58759-7d93-43f5-8ec3-9c586e2846c3',1119,17),('a4dabf76-2ebc-4588-a459-a7606cd4426c',595,2),('a4f1eae0-4e21-4465-bdba-6ab3189f43d8',1002,24),('a4f75824-61c9-45e5-8874-d4a2a6157bb0',558,31),('a4fc836e-4237-4f0e-a031-a32c7f23e49c',552,3),('a51e6fe5-92e0-4f3c-bd16-68b0cbe9adf0',574,14),('a524054b-9fa0-474f-8d22-8924e826863c',868,9),('a53803fa-5194-4a26-aec8-114cb8f004d8',550,27),('a53ebb9d-ec5e-4d6a-95a5-661f6342ca44',605,11),('a54326b7-a23d-4318-8e5e-64ddfa034bb0',599,1),('a547462e-3b54-469e-9abd-699e014bc44c',665,23),('a548699a-300a-4c25-910d-be51c6f17d0e',887,15),('a54e7e58-587b-42e4-8135-23c58d2ace36',937,31),('a5573e04-5682-4b5d-9cf8-794f65ae46ef',642,2),('a55c2345-be34-40c2-80e5-357c81b2d134',1184,25),('a587e15b-a117-4775-98a2-954ab3af2650',548,22),('a5a6a933-05e4-4469-aca0-c542017ed40d',852,4),('a5d08312-db7b-405c-a49c-51dc46725cd9',665,28),('a621d89a-1431-4123-9748-f2f1eedeb701',939,18),('a6396c4c-5e14-4b35-91f3-32666dc7290f',768,11),('a64df8f3-efcd-44e5-8644-8c9631010b72',710,2),('a69dfa74-6c80-44a1-ba21-3f9d96c6e304',584,4),('a6ad9d60-af95-4c64-9276-f5e298dee0fa',572,1),('a6b019fd-9f26-429a-82b8-94922197f474',843,13),('a6ca9eac-19ca-4432-8df5-222dfa81bdb6',1042,24),('a6deb195-a461-4f78-be8d-7b0457fd0b65',914,14),('a750c4c4-8a58-4630-85a1-d3da13294a09',714,24),('a757130b-c99c-431b-9183-1cb6a0f91735',770,2),('a76b8e06-c22b-424b-a1eb-ad9567f05603',1095,17),('a76ed3de-3d18-4115-b9a3-9866904a73a3',530,17),('a7b509e5-0e32-41e4-a8e7-845418554d1b',597,17),('a7ba3343-570a-41cb-b197-e8375e133e31',860,9),('a7d460e5-438c-4d78-b98e-86f8cae3aa08',996,7),('a7f1b79b-67f6-4f74-958b-9fcfd40894c7',761,26),('a7f1ecbb-695d-4335-8927-d22606fe9046',661,8),('a8404680-d09c-4eb0-8bd3-179b6a8a5462',1141,33),('a8570cb4-65e2-45b2-a1d4-f97ed0b16a6b',1071,14),('a8896c73-ebd1-4cb4-baa9-2ca4aa2bf1a3',577,7),('a88cd673-e5d5-43a8-9caa-ffad79b88aa4',549,19),('a88f16fe-5ee9-4a3c-9737-c90727c2ff9e',1118,17),('a88f66f7-38db-4049-80bd-3a59bd8b2e90',986,24),('a89a0526-894e-47ad-8a97-5261b8edd3b5',861,18),('a8a6f822-b4ee-4f40-884f-86280953369f',955,17),('a8a71c5e-8def-4d30-8f32-8c11a1ec4918',893,6),('a8b35e09-2c41-423c-a1a4-bef816412d82',1075,13),('a8df6fc6-ec4b-4a71-900a-480b942cc99f',600,4),('a8e247f5-4cfb-4c0e-a0e4-ca308a3f0f3e',547,1),('a8e8afe0-28be-4315-8e71-2c2766327989',535,5),('a9289f45-8d3b-4fd3-b483-3aeafac6f09a',888,6),('a937c68e-f61f-4566-a376-5d1e0f34a10d',746,19),('a94b01f6-a4fc-4a35-a90f-2d8f99e92717',890,6),('a95e6d51-1856-4ab4-8333-f53cf4e6a79a',855,9),('a95ee768-5e70-40ed-bd48-fed2a3b4e103',936,6),('a970e8b8-db5f-4a47-b8b0-f7111bf5c40c',1071,26),('a99731b9-b438-4951-9f99-2d226c53220d',691,6),('a9a1ae79-4e7a-4edd-adee-a24e27a01b7b',807,15),('a9ab7704-e238-4362-8730-9489cc9a4090',693,2),('a9adcb2f-bba1-42b0-8666-45915c960b50',923,24),('a9bf1035-3ab3-4f30-8088-9d955d4271ab',627,9),('a9c79f2c-0f08-41b7-937c-dae16d6270e8',683,2),('a9c85808-6a47-43f6-90b3-f24a476ad321',1109,17),('a9e3700b-3174-4c93-a16d-f47a1c3f986b',833,5),('aa22797d-fcc9-407d-8235-710bdadd422f',550,26),('aa2f7cbd-b4b2-4418-aff8-41f9074f50e9',580,4),('aa3e6563-d8a0-446a-97d3-70b6c3a96e73',1167,27),('aa53f313-2ca3-4e9a-a9a6-1d55e0c02cf6',549,22),('aa683edc-03c7-4418-bd3c-2fc4a8ff7918',553,5),('aa91ba74-6c40-418c-9746-df467ec0b0ae',1140,27),('aa9b283c-da9d-4c08-8bd2-c7b11978db7f',770,20),('aabf5d3b-54c9-4fa5-ab22-0ebfe7115634',725,6),('aac1511c-6c1e-441c-a933-37a54f139fcd',1144,27),('ab0a3799-572a-42be-8730-ff95c176c995',772,11),('ab17c724-671c-4c54-86a8-2b0c41e1fa2a',584,12),('ab1aa911-e935-4998-9fe9-f0e842b18728',619,20),('ab4b8b56-e9bc-4277-b978-2e6d417acaa7',590,29),('ab9e756f-8a49-4a3f-97a6-639751fe6e06',630,21),('abab95e3-fc9c-4b8f-b705-a6ba9d773075',549,31),('abbdb037-d9e9-4432-90f8-c1397766d08e',704,23),('ac415a42-9a47-49c2-ad58-d173e23889c4',643,31),('ac45f2f5-aa4a-4c7d-946b-64d74884f22c',622,24),('ac466097-b1c1-457e-812a-8d9e71302786',624,17),('ac5cdab5-26e9-42c5-b585-7b808257c568',565,7),('ac5e26fb-0ed1-4fdb-be9c-1ea44e11e046',536,7),('aca827ad-eacd-4742-a4ee-de43ef565023',723,24),('acc07cfe-7478-4317-87cf-3b4580e2dacd',892,6),('acc55970-287e-4b19-9985-c71fe1534db2',582,4),('ad192024-2f1a-4650-9e5d-f40160698c9f',868,32),('ad4f3027-a7c2-47a9-b18b-5b05b900e01a',799,2),('ad6acf0d-5788-4fb5-b6b7-1ffa83411510',543,2),('ad72df0c-773b-4d62-ab39-9cd46f2a64bc',973,20),('ad770121-2829-441b-b788-77ee269c2799',864,4),('ad809cab-edfc-45ba-b56e-e185e95b0a8d',865,29),('ad8d8283-950e-4fa0-96d5-11d9bd0488a8',567,1),('ada23668-3530-48f9-b684-93ae03459f15',1081,15),('adbf13aa-1975-4186-ab45-a56f125cd77e',548,21),('adde1c15-4697-4de2-8aa9-462d1d0659a7',694,17),('ade11b8e-3b1c-4766-8d63-913084334518',1005,8),('ade9e1a2-a931-4853-89e0-b3c28d52a2c4',600,6),('adeaa9c9-687f-475b-b3be-04c246f3d2fc',1044,10),('adecf12a-3ce1-48d8-a26b-ccfc808e0633',1147,22),('ae075743-f51b-4e82-aad0-37d8d286fb0e',590,1),('ae41badc-36ce-408b-b21f-0f56fce73949',583,16),('ae4db329-78e3-4043-b641-c48b5dfdeed9',567,13),('ae775c1d-ad1e-42a4-9d7e-a2503cd229ba',602,8),('ae930a72-272a-4b54-b853-1905090f0454',788,6),('aea258e5-76d6-4494-96cd-d64f208df817',796,6),('aebcd881-8a19-4309-a13d-0c19962d627e',1150,22),('aed21913-0485-4b3d-b924-ec09b99a0e4d',578,1),('aed70ce7-7290-41d9-992c-c3c6fd3465d8',1004,24),('aedc4eb7-721e-4dbe-a4d1-38f4b0a1a91b',596,3),('aef688df-c178-4c0e-bb8a-279798ec7795',707,20),('af173e1f-73df-4379-ade3-f07af91c5118',1058,12),('af2ecb28-fee2-4721-b581-91e15e52eae4',1053,26),('af57eb83-5045-4aae-a6cd-896277e882b9',754,24),('af78d5a2-8b00-41c6-a113-4d4c5c2aa382',797,2),('afc30768-e077-4dbd-a768-627dfac7a738',538,6),('afec5b9e-c090-442c-a731-d3460418d89b',796,8),('b00dbed3-20bc-48e7-a6e1-52f405016736',662,8),('b015875f-415a-4195-9736-f332b6c6fca4',763,8),('b0235305-9419-414c-8d13-ce599de37f3b',687,19),('b02ef2e9-89dd-42e7-9e3a-cc9b7d1ece3a',604,24),('b0474e0d-d542-4780-8a46-f4d4a9f86cc2',950,27),('b0664e52-3129-4c62-b3a7-477591b6dbc5',1103,20),('b076852b-3796-42ac-a01b-e7c6ac4b337d',1077,33),('b079bfe2-8932-4484-8c48-07d4872000cd',981,14),('b07d21c1-fd24-40b6-b327-16eb4725f05f',867,33),('b07fd860-7f9a-4b28-a624-8ebafe6dc563',579,3),('b08472a4-6c22-4e96-a471-413e54384986',541,14),('b0938d10-f519-4711-9819-754dff462d83',788,8),('b0a2e242-0eb6-41e5-a435-ad0fb2c82f1d',632,6),('b0b5d070-fbbf-4107-aad5-1c71b369ff83',865,18),('b0c08437-7211-4425-aaf3-daf57fb3aa64',777,2),('b0c1721a-e14c-4ac1-ad53-53cfa9584447',1144,22),('b121d3d8-652b-4015-a933-a03c71c8e09c',565,4),('b1429615-a4c5-40f7-9814-b9176e02781f',603,2),('b1456be6-ceb0-4de6-b0a4-d95a90b40c65',551,22),('b15cc627-ccb4-4d7a-a123-3cd09624202c',698,24),('b167272a-08bd-4f70-a130-b1d1e302de30',906,10),('b16abb9d-4174-45c7-8a4a-5e3e261050f9',742,17),('b190db51-e64a-4d6b-8cd9-aa2f06761815',549,17),('b1b54ac4-da83-45db-97ba-c394ce76613e',830,4),('b1c45651-166f-4427-a3fb-c46609881270',1043,31),('b1cc1690-37eb-4fac-9363-07e1f28e241a',572,30),('b1d47dc7-14fd-4e8b-8d90-6075f6ef680c',787,17),('b1fbbba8-9425-497e-ac70-0d6ed76a4029',848,13),('b20a7bb9-3808-4e18-ace6-59b4a9b2bdff',588,27),('b21e30a6-16f9-4952-8cb0-8177e34dcd5a',987,19),('b238cebe-e57e-4f9e-837b-368fbc9f90c5',817,7),('b276c90a-50e9-4e90-b055-25d851cfca5a',622,2),('b28e1f04-ecba-479f-b322-488b78c54b63',620,10),('b2c90695-1f9d-4739-bc12-74fc2eaf86c3',627,24),('b2cb46d7-dfeb-49db-acfd-b05bc8c8b4ed',860,6),('b2cbaead-9e2f-4b59-b95f-b4915cfa69e6',1028,16),('b2f335f3-08b7-4643-8f93-47af08fd78e5',991,9),('b2f4c4d9-ac71-46dd-b811-2d3b2e40d80e',868,16),('b3216dd9-35ff-4886-96f8-6750d34b83cb',1039,10),('b35d07e7-dccf-4e11-ab56-4802fecb3034',681,10),('b378b421-a784-40c8-bad8-94022c850d2e',549,24),('b397f730-8e15-4e5b-8e6a-1b38489c034d',704,2),('b3bf3b67-bcfc-476b-af85-75152fc5fbbf',643,14),('b3bf9b78-b9ee-4aca-8c92-5028ff159b35',581,4),('b3d18535-4e48-4923-ba5a-053e4199d22d',694,11),('b3f00b76-5857-4a42-9445-e0e88ed72711',780,2),('b3f07938-8a1d-49c6-beab-178408f6a9c5',864,5),('b413abee-eceb-4e95-8264-d66b8f90d17a',977,27),('b444a2a3-865b-40f1-976b-e29d028bc024',593,1),('b45081bd-d0a0-461d-9b04-02c3301f4e3e',571,1),('b458d003-9236-4e82-b8f5-8aab8e21651d',784,8),('b480bac1-bf57-4230-8e19-2735038c936c',695,11),('b482ccc5-4349-4599-9be6-1f03ab63d6c7',663,10),('b4965b49-dd4a-4b76-b9e6-07ea80616be8',801,9),('b49ba231-08a1-428c-bfac-7406f1f91c54',825,4),('b4a97716-f990-4db8-a321-1a7b815c7f23',852,5),('b4b0c036-260a-4d7a-b23f-b40014b40d42',1145,26),('b4c77a9f-57a7-457d-92bb-117ce07b32dd',983,16),('b4d66d08-7471-4060-807d-41179a411160',600,9),('b4d7fb16-f601-4cd0-9af0-067a3ad1d4cf',1055,32),('b4e17567-0517-44be-ae4e-205e483c8b42',1141,20),('b4fc82a7-b59c-4bb8-9281-8fc0613d038f',549,14),('b4fe11f4-5f83-4644-8704-3ca7b088ec8f',607,31),('b50d3332-deef-42c2-8385-32feade135b7',709,14),('b52c260e-730c-4d32-8b8f-6c20e166db82',634,2),('b5384b46-d64a-465c-95c3-081d4afe584d',786,8),('b5a43d55-56de-46b0-929d-11dfb1484faa',610,17),('b5a63254-fa37-41a0-b6e8-e952dccf21b5',604,13),('b5b84136-aae5-4bc8-a3c4-f428a4374cc5',714,27),('b5f7ef2f-3902-4d85-95b8-98e6e723a911',617,12),('b62d8a18-b9ad-4306-8804-4f17915c1ee3',817,14),('b62ea307-13fc-4177-92dd-ecce4c367a34',960,31),('b658feac-8b24-4029-ae5e-59895c7e01aa',957,16),('b65ddf2f-851c-4ac9-9c65-427961c64a4d',786,23),('b6833fe6-ad0d-46cc-b4e0-6c6070c9fa94',1065,13),('b6983d13-8eb7-4bca-9c96-f4c4c81b0855',583,13),('b6d5c8ed-e080-4106-a917-e3a83a0203cd',962,6),('b6e4c8b1-cc85-4843-99e6-0182286ecf05',957,8),('b70e904d-6b63-4f28-a0dc-a1bba63bedc7',599,3),('b72059c6-6531-422b-93be-fecb64bd5131',788,2),('b7235d3c-eb29-4fd0-a883-820ab62c4aad',536,29),('b7662e3b-c56f-42eb-876d-6756fa95b800',1065,14),('b76c58e2-4a57-4332-b1f6-baacac7e28d5',1150,30),('b77b3b90-d11c-4140-ab26-a8cb442a9232',558,17),('b78a1ffd-bcc8-41fc-801f-4309c47a2f85',570,1),('b78ccf15-efb9-4c96-888b-23876e23e2fe',668,2),('b791dc2f-d7bc-41be-8237-60247a21f3b6',830,20),('b796efb5-cb98-4279-a3b6-418424d1cd31',1190,31),('b79b7d3a-eca0-4346-9fa0-191ebf425b06',812,19),('b7a32626-25b8-4150-b6e4-be578f4e69a9',793,23),('b7c9e1cc-43f2-4312-bb8e-3402a5513ddb',818,31),('b821daa6-5b0e-4fb0-9af0-5123ac16a30b',695,10),('b83c042e-8194-40a6-adca-37a448cc9c49',596,7),('b85aa042-0123-4a5a-841b-c51f8e185bd5',971,6),('b877936b-c458-444c-b6d0-8d4af9596f91',598,7),('b884a9e6-95d5-4c62-b3a2-842f83cb0b0d',1203,32),('b88ad219-9f79-4bb6-a11f-f4000fa77855',758,24),('b89782e2-69fa-40b0-a559-866a82df1007',671,17),('b89c329b-a217-4be3-92f5-554afaf9cc7e',817,4),('b8b6d5e8-fdcb-4ba8-b1a1-c863b81be21f',808,2),('b8b7b4e9-f495-4782-863d-d286a26d9389',1090,14),('b8de9db6-3ba1-48a5-84b8-bdea151c29dd',624,31),('b8ec8c0b-d13c-4be0-823d-0e49e9fe1a12',577,23),('b8efe5de-5f95-4462-a5b9-c880c623b6ac',626,6),('b900a60a-66a4-4f3c-a6eb-f3127c8cd841',768,23),('b91335b6-540b-423a-a0f2-59e0050f8f46',733,17),('b918b8bd-7d91-4d18-80bf-dde3424922d3',751,11),('b91fdaae-e3f7-4541-b9a8-49896a9df548',926,17),('b93ac5ea-df05-4f7b-a93a-b68e8cf8c5b0',1079,14),('b950f04f-3ce5-459e-af55-a4db49200987',603,17),('b97a8144-667c-460d-8100-6430e0188c91',897,10),('b98a5a58-67a5-43b8-86f9-bdb041feaadb',665,11),('b98af012-b99e-4dbc-bebd-32ab8eff6350',665,10),('b98b2c18-c400-49df-b021-ffc4b11ce11e',557,1),('b98ead6e-3da0-4471-b8fb-3366f22d24c8',616,31),('b9a6f77b-59c6-428b-9085-2c0d21bf7e58',906,24),('b9b08b8e-b4fd-45d8-9801-3690131aff19',594,6),('b9c982af-b093-4d64-8d2f-d7ef42a67190',764,2),('b9f310e2-03f3-4b31-a751-e1c554897e3e',899,9),('ba130b66-34a7-4373-ab10-eae59a7a7a39',531,1),('ba1becea-89a6-4314-833f-8dd01dec1196',795,6),('ba259ecb-d2d4-4e4c-9f9d-17024442893c',538,1),('ba7bbfc7-ca69-446b-ac8d-4de3a38d3444',1021,9),('baaa6c12-fc1b-4091-8bc4-ad6f3aea7fd9',882,6),('babf1bd4-b103-4a8f-a4b0-800073347ab6',1039,27),('bacb2bfa-1809-4715-bfce-eefa8eeb0af9',574,25),('bad06cff-6eec-4893-b061-1f0d7330e166',602,5),('bade60ef-6374-40b2-938d-b3449a208ee3',1164,24),('baf44c00-d397-4c63-8a79-2eccd03bffc6',1033,14),('bb44d94a-c1e4-4e4d-a60d-5b7c56fe79b6',550,3),('bb5fa782-3b66-48a0-9ec1-2a8b7007d37d',880,24),('bb6c7e04-0943-4b60-a7de-d55cdc8458e4',941,27),('bb7ec8a2-619b-4819-9e5f-0af85608e062',980,13),('bb893832-e59b-44f1-944f-562615f603a0',598,3),('bbacedfc-db3a-4966-be4e-96bd5966b960',697,2),('bbb762c2-d144-4414-bc3b-d9c2982b7454',832,5),('bbf932e3-1adf-462b-b677-da1a0e09deb9',998,33),('bbfd100a-0095-447a-9795-77a2e6f606d9',553,27),('bc0399fb-6ec0-4743-8527-57f83985ca9d',656,2),('bc3841de-0d2a-4b05-9dde-862995599265',674,2),('bc6ec0d9-cc23-450b-9195-95b26de6a018',1048,24),('bc720345-8adc-4986-b0a4-c3d3fa70f70e',819,5),('bc74254f-4957-411c-ab26-f8ce26c92437',993,6),('bc7aa690-f2d9-4c89-a7b0-33638671bf42',603,24),('bc9cdd25-b0a3-47bd-baf6-9bdeee285928',530,7),('bc9fcf5e-425e-4da9-a0fa-7a7e14670669',817,9),('bcbb6205-5d84-4925-867c-1d102137e1e0',964,20),('bcd027ec-d1ad-4f45-ba9c-07aa21ecc9f7',679,2),('bce32fd1-6d82-433b-a97b-6b5e54e08c0d',913,9),('bce64982-eadb-4a3d-a674-164410d2baef',832,4),('bcf74d84-c36c-4cc8-b776-34ce637d8439',638,24),('bd49bb5f-758a-4481-b0c5-696aff84bcf1',594,14),('bd9c569a-c9c4-4ac2-b78e-9831ad6fdd78',545,4),('bda02d84-f6e2-493d-85ee-77dc7c603eba',845,9),('bdbf53ec-899c-4dbc-b4e1-32e6e5e35e21',835,5),('bdd39820-938f-4e9a-bf59-da9d8398821b',1186,27),('bdd3bbb2-a07a-41ac-a0bb-89d75b4a9212',846,9),('bdd6d6bc-6947-409b-9f11-0ef24cfe397d',1100,20),('be247d0e-6850-43f5-a3ae-375cdfafef4a',961,31),('be51cbe9-4b69-40f1-a783-4e6850752a57',763,24),('be52cf3d-1601-4be4-9424-ac99a5b034e5',587,1),('be78148a-e9c6-4b94-aff1-de76d979eed5',684,33),('be811c15-30cc-4a9b-933a-8dc40d62a037',740,2),('beadc9f0-b169-43e4-ba48-cc3bf9ce841e',534,4),('beb80f71-e32f-4555-9619-78077d4c1c70',552,22),('bf3adcab-4db5-43ea-8ada-a748babc9658',594,17),('bf40be78-5567-431a-ba51-da552f046a32',861,25),('bf644e3f-5849-46c1-9cdb-8967bda23f04',1153,24),('bf69d38e-2dea-4a81-8026-15c829521b5e',884,19),('bf8921c3-5601-48bd-9564-7dee9c072ede',786,20),('bfa07612-f44e-4c7d-8c8e-fffca0eb3f80',761,21),('bfa2a9ee-222e-464b-9b00-cf6365c2709a',548,25),('bfad898e-9dbc-4f3d-90fa-eccd82707688',558,22),('bfc71370-9510-4921-8b48-18d7f95bf9c6',1023,17),('bfd805a9-473d-443f-8958-2202138368c9',796,23),('bfed4231-352e-458f-af51-39f340e633e7',671,2),('bffd512b-1669-475f-9647-19dc234d4bfa',825,5),('c018258e-a02d-498d-9dcb-6a4c183540d9',1201,32),('c02356e1-52cc-4a40-964c-2a83ce157a9b',755,9),('c0292dd8-b6e0-4b6d-8924-4a02f0f9ad47',903,20),('c0596c39-0b34-4cb1-9b27-691aa3ab0f49',661,2),('c05e0eff-757b-4ec0-b10d-0cb117ba3dd5',531,4),('c0e784a7-5d6a-49d8-bdda-40e6dad04387',588,18),('c111c67e-91b7-45f6-95e2-1eceab0f05ca',996,27),('c13025d6-1352-48fe-b4f2-33febea9660e',604,28),('c130497e-caa0-47bb-be9a-1ffbba4780c2',1202,33),('c140f7fc-9b16-4cc7-be32-dd6bb615cbf3',603,15),('c1481795-4a95-4bfe-9f6e-fb503bd55082',970,12),('c154db5f-bab2-47b5-b6f8-d1c412db16be',878,25),('c17e1e3c-6e2b-4c65-ad1a-7a35a5f2f863',754,31),('c186837c-2b2a-4a6d-aea6-5b11990f9d55',630,14),('c191d20d-d3a3-40be-8b9b-efa18f53d51d',685,11),('c19d91d1-72e2-47e5-8fe2-2159c0cdb223',1183,25),('c19dd975-4322-464b-938a-7b016100d9fb',599,7),('c1be2ee7-4cf4-40d3-aadd-e5ec55f198fa',789,24),('c1fb7a6a-2858-472f-b3aa-e4dc65d5adcd',548,7),('c2250599-ff86-4460-b2d4-4d7ab7c6defb',745,20),('c2275c88-f3ba-4c6d-836a-91287a431c0d',541,4),('c26dd99c-fe69-42d2-994c-5fe38fe6c5b7',877,21),('c271b461-19d3-425e-9685-b8814823d6b7',570,13),('c284e126-4992-4b1d-b6d8-e40e574c695d',954,10),('c29d37f1-51a5-49e9-a9cc-99d19742c2bd',580,1),('c2a8320c-1100-461a-83e3-25c1eef5b68b',614,20),('c2e0a506-5830-42e4-9470-eb6f75c51143',596,5),('c2e85ff8-ced9-40cc-ace7-e5e97fbcf009',1151,27),('c310b4c5-1668-4aa8-8cda-ff4355a08c1d',1146,30),('c313d09d-772e-47cf-be39-7a290b10a314',549,20),('c3633432-a22e-44b7-b633-43bfb94b2ca3',533,14),('c3912ebd-0d7e-453d-b0af-4fd87d8a1a7b',818,7),('c3a1e129-8d6b-4df3-9fab-5b197dc0c3d6',629,31),('c3bbd060-ddb8-4fdd-875a-aff5382f2490',1029,24),('c3d67ef1-3a9c-410c-a770-23e4b7d4ce2e',1067,25),('c3e3415b-5b45-4f7c-9932-03966c43a08c',1050,15),('c3f00252-48a5-4e97-932a-760d015d0d49',759,2),('c402c41d-a106-4370-bc60-4d469244419a',1081,14),('c40ad28a-b47b-4cb4-a6a9-496be59d6265',595,19),('c4293581-bd74-4156-b769-bda505e480a0',656,11),('c430ed34-f3b5-4646-8068-998acd960c64',962,24),('c4388d92-615b-49fa-a59c-8857f19e9850',640,2),('c43d895e-b274-4aab-8a35-2ac659a46393',1003,24),('c47aa110-2405-405c-adc9-cdca6a4a717d',564,1),('c484c11f-117e-4287-85a0-ecda974ec10e',768,24),('c484e273-fa84-41e9-98ab-287f2f0cbb64',974,28),('c49c7be1-c6ae-4a97-ad71-0a408261cd32',573,1),('c4b09edd-c4e8-4cdb-8970-b8f243b652b6',1056,21),('c4b32b56-139b-4896-8bc7-4d08f72406d0',839,14),('c4b6e712-38fe-491e-a3cf-f819a410954a',1120,17),('c4b79c32-9447-4772-bca0-5f073695af2a',578,30),('c4bb0d32-d68f-47e6-ae45-7c1eb64304e0',903,31),('c4f0b2fc-7018-413e-9bce-3ce568e04446',678,11),('c51057ff-b7f9-47b1-b9c9-688377003804',861,14),('c5130636-6285-4106-9685-b7e41ba67f9f',933,28),('c52cda78-039b-4de7-8b6f-a5b8b69ec26d',728,9),('c537b1c7-e92b-4a71-8b92-f572f8890732',555,12),('c5789d57-3bc8-416f-892f-d78d4f6eb3d6',887,9),('c57a575c-20e6-42ba-a9e1-030335e77690',551,21),('c58e5fa0-3a3e-4242-9928-31821c249f2e',551,9),('c59435d3-a4b3-4d54-8d20-2f89960a814c',835,4),('c5a4b341-0229-481c-9f44-bd4ec555078a',772,2),('c5b5c94f-377f-41e7-be55-34a0ea4429a2',943,6),('c5c6c6b9-e242-4c4d-a9f3-42eddb2bd9c5',649,24),('c5e0dcb6-6fcf-4192-9304-f86d89586607',587,27),('c5f2d8c9-05a7-4530-9661-8dc5f879806f',613,20),('c5f519fb-21a7-41b7-9570-df3d536e9cec',1199,31),('c6113b1c-2c4b-4f8a-a3da-6e7713cac272',597,6),('c64ffc7a-1e9e-4494-90c3-33922e392432',659,31),('c66329b5-d178-4355-a550-d6b99a19c49e',602,10),('c664797c-2b15-4a84-89df-1de2e8af4472',961,19),('c682296b-69f3-4b83-84c6-de0a5c41b086',536,9),('c68395ca-4ae8-449f-ae55-63436845426b',906,19),('c68685b8-2991-4921-9057-c8e422c1181f',1003,11),('c68d078e-331f-4575-b99e-ddb364d18401',714,17),('c69476cd-d899-4d22-955a-c07cc62a03a2',758,20),('c6ab93f6-936c-4e6e-969b-30e86a390769',911,10),('c6ec1e22-2fb3-44c4-9387-c5217a19e782',587,22),('c706210f-e7fc-4b78-9386-599255291f22',683,8),('c713e515-6838-4b14-86c5-d31069d24716',988,10),('c738e92d-711a-4154-97b6-c21422be681f',881,19),('c750eebe-069b-4bd8-8849-ff267fb5e048',796,2),('c757d1e3-0a4d-407d-ac17-a1f140f57fcc',636,6),('c75e7506-34ea-45a4-af5f-4b9823167cf9',815,5),('c77f902e-2677-4f60-bd2b-5abdb5ea2196',1041,11),('c7810aaf-334b-4384-8852-f2b94c1a750b',602,1),('c7abb24d-54d2-477a-be92-a9040756b0f7',909,6),('c7ba7638-ac48-45d8-8253-969af9ec60a8',551,3),('c7e8577f-82ec-441e-a8e5-bf6a47733d06',588,26),('c7f5d1de-0349-451f-b860-ea9ee7409009',904,17),('c8253227-4080-4ae2-af1b-c5b64c94680b',687,17),('c8672372-cfeb-4704-a8fd-3d87efc05833',1147,25),('c87322cf-b9dd-46e4-8c8b-968579447b48',961,17),('c87a86a9-b8d8-4ba3-b33d-bbb2bd16daf2',554,22),('c889bbbc-026e-4253-9e34-79c85ea2ce61',834,7),('c89a20f6-09d7-4aff-9fb2-26d70e288ddd',876,5),('c89d28c7-97a0-4e79-a0c3-2160746ef449',537,1),('c8c28bcb-e1a0-4817-9d59-661bac6dfa60',785,28),('c8c59bc9-eaf6-42dd-b070-e03ca86d9b6d',536,4),('c8c68c0f-49b3-4e15-bff9-1faf0f5d3dda',633,2),('c8d50450-aa40-4332-a57d-ef4765520b4a',718,28),('c9008cc4-9319-48c4-83e6-c95fb7f3b5bd',982,17),('c929b1a0-bfbb-41f9-aa3c-1137b84ae20a',1067,20),('c945d905-4b7b-4053-aa6c-bb060c07955e',878,32),('c957343a-f3c0-4afc-9757-647cac2e56da',761,27),('c9644ea7-fb71-4527-a809-5d5565c8d63e',594,5),('c96cef2b-6092-4d45-b7be-99379a366d52',1148,22),('c9791b64-193e-4049-a41b-1ecd39a610c2',653,19),('c98e8fab-b009-4a07-9332-0fcc53733c2d',935,8),('c990e38d-7391-40fd-bf75-12bb76dbfc0a',858,4),('c99d1c30-efe1-416a-8305-e65d66284e1e',559,1),('c9aa04ee-b033-4dd2-902b-6343d673473b',578,26),('c9f08dee-64d7-4e7f-a8ae-fc4b2ce10f96',953,10),('c9f55ad4-7ce5-43af-b392-21f40eb1acec',1053,27),('ca0384e1-dc09-458f-8802-a85cedb99dfe',595,7),('ca1e86dc-f02a-49e7-8b90-0efe90ed5762',779,2),('ca30dc5e-71d1-467d-b81b-dc4ac80bea8f',536,30),('ca31dd09-1381-4efd-8a98-18c48e1b8650',897,31),('ca6a3b00-8c7d-4dfe-8bfb-5fab2fecdb1c',528,14),('caae7d9f-c1e2-43c3-8ef1-450084c8a2fa',878,7),('cab682cc-9217-46a8-a001-a85149989556',589,4),('cab7694b-6a8c-437a-8b10-5573acb77772',1145,25),('cacf614a-c481-4156-9086-d2057fb887b5',556,22),('cae968c3-a111-45d3-aa7b-ef39b0f6abf4',588,30),('caec7ebf-362f-42a3-b891-6ba5d19a56ac',824,29),('cafc5c9d-6ce1-498d-9e88-199975a386e5',722,2),('cb17eafa-3e92-4267-8ea5-0050c4bb579b',768,28),('cb21fd28-5ed4-4b49-86ba-d3b7121e22a6',789,20),('cb23f3ab-406b-41d1-8308-0b0fb30f66df',617,14),('cb30be99-e84a-44c8-bd36-c5599e559a06',678,24),('cb500549-b133-4702-baf7-2fd68b0abc29',724,2),('cb7bca2c-2524-4f3e-894b-2c5e9b6f68a2',599,9),('cbb71b58-7b0f-4bb9-a851-ddb8f7f47d57',593,15),('cbc7f20e-0897-433c-9ee0-c0ba345ff2be',694,24),('cbc97b2d-bccd-49f2-ad03-01e25d37de7b',599,4),('cbd4283f-0f7d-492d-a408-b315e2a844a7',733,20),('cbea40a9-d66d-44f0-a3e2-85d5f022331c',839,16),('cc0f08fc-858f-43e4-addb-165dcdc7cbd5',1145,21),('cc11587e-b4e3-4336-86d2-9065aa00cbc0',693,6),('cc1ff0cb-c7d9-4d53-8fcc-8cba0a674c85',604,20),('cc2fb28e-9b2f-4382-b3d9-e5bc5f7fb4b4',732,23),('cc3cf6e2-42ca-4912-a1ee-74ab79459307',1056,26),('cc5015ff-b2b0-496b-a821-81a23d7c1c21',656,9),('cc639f1c-ba0e-4602-b44a-26c6fbe97164',1055,16),('cc9e5e0d-2fe4-4c0d-bcd3-e95abe25b6e1',554,9),('ccc8e315-a2f1-43da-a028-5e937ed47824',744,6),('cce123dd-dc34-4a82-9e1c-fb0acd4734b3',788,20),('ccfd3687-37f7-4742-83c1-2331807fee9c',928,13),('cd54c1b4-6778-4b46-871a-927d595ae5a7',921,31),('cd809438-225a-4d65-bf1d-41f51b6e528a',1190,27),('cd8a5e80-56dc-4f1d-9296-58b86edcb140',584,7),('cd8aa7d0-b310-4f08-ad7b-4682f4d80854',571,25),('cd908534-0635-48da-97f8-57f3430a6306',707,24),('cdb057a4-37ca-4020-b71f-8bd9071d6029',903,24),('cdb0f89d-3ce2-49e5-b0e4-5c62966be530',1146,26),('cdb7079a-243e-4a10-8def-959072b7311e',785,2),('cdc91887-e333-4175-aa0a-ec758c0e0d11',970,14),('cde58d26-b5d9-4181-897b-799414d0c938',1039,26),('cdee785d-8d6d-44f5-b7cb-9dc57a05804d',896,20),('ce1f44e1-d756-45e6-b197-601979279deb',847,4),('ce268aaf-a791-4580-b3e0-149355f4f3e3',539,4),('ce3d56e6-af4d-4170-b0a2-9414a0d61c26',556,5),('ce4cb47c-ed23-4e6c-85d5-ac7e23faa4d9',595,6),('ce59ccb1-3782-4acf-9556-dba76016d229',593,17),('ce6a923d-fd7c-4b4f-972b-a6b94c7c6849',844,13),('cec0f211-40f7-4681-b329-ed3220c7923e',1093,19),('cee62b02-9657-402b-b216-6f3f3d8ade51',598,9),('cf1151f7-2650-4b54-b620-332f597ac379',692,24),('cf119f83-a7d3-4ad1-8ac0-4231ac4d548e',571,22),('cf159d72-5c4c-400d-a156-9b6ad60acd98',582,5),('cf534476-9bcd-4270-af57-8eb2676d14b4',630,2),('cf81c52c-ffcb-43e8-ae80-08f49b154e4a',547,7),('cf852303-5968-4425-8b43-d9166903a5b0',920,11),('cf9c8f8d-71d1-434e-be74-4838867d8de5',564,12),('cfafeacd-a587-4c23-b280-80bb8255b34c',746,2),('cfb48ed1-58dc-408f-b4a6-a0c06bfbdff6',991,20),('cfc58bf0-f3f0-461b-b010-38361be7e8d9',767,6),('cfd40363-0d74-4b53-9131-74127cce3a4e',939,6),('cfd4b7a9-4a54-4efb-a70a-dddcda8d817a',549,3),('cfd6535a-8f4e-4a9a-96c6-6aba4f2d6a91',535,7),('cfddf298-3cb8-47af-9d9b-f4952180d0a3',621,6),('cfe67f4a-1dee-4609-8963-1c482c306625',804,17),('d0083bd8-bc31-48a2-96dd-4130ca6ac788',540,4),('d01c2667-a350-4e88-863e-13e1520b6f3e',538,30),('d025d6b0-7f40-4f9d-8115-01cace7a38d2',814,2),('d03a8721-5d45-46fc-a03e-f04b80d141dd',783,2),('d04b86a1-f976-4e75-89a3-b3b89fa03fbe',645,2),('d058f137-f7e9-4d99-93bd-75e5fcea65c9',780,16),('d06298e3-7b2d-4a8b-b640-88a9cd1a4378',622,20),('d0699be3-8f9a-455a-a3c6-758eedf72d76',635,2),('d073fe94-e583-4280-8c97-7b5d98b8f891',614,27),('d0804a02-db90-4eff-a002-bf7433fb0924',644,24),('d09c43d3-5a07-4db3-8e40-49044c9e6df3',1105,19),('d0a4771e-6ea2-42bb-acfa-8effb0e0254c',763,10),('d0b629d2-24e2-4e0a-9f50-399a996c68cf',558,25),('d0b6fd97-1ccb-45bd-b886-918e87f7d711',578,4),('d0befd2f-417a-4dc7-8dae-f263d4cfdc7d',1032,9),('d0d1632e-2e49-4a57-9b65-305d415b40e8',957,28),('d0d51921-f3da-4a2b-98ad-2c7f4469e153',713,2),('d0ffe5a7-c4d9-49f6-a197-c77e5c54d702',551,26),('d109182a-c195-4f26-8c44-135bc0a73fb0',792,20),('d11b107e-acf4-4271-84ba-d08395fedd87',920,6),('d13a9411-d965-4d8e-9b98-1ad292008b9a',604,23),('d13b06e9-ba99-4ca8-92db-15ae914415b2',986,6),('d13e6f2b-328b-4d7e-839f-936d439458f3',776,2),('d157f027-8028-4082-98f2-cf0bd1051277',939,13),('d15e2ce2-20f2-4594-a810-4b4aac1573e9',604,15),('d1678df2-782b-4ab7-88dc-74e0dc2ca379',673,9),('d16c7ff4-9ee4-4660-8f62-38eae7c2cb94',911,8),('d175e97a-3d55-49f3-95fc-13ac9ca50bfc',889,6),('d1822c02-bc36-40eb-ac0f-e7ae49e32545',1125,17),('d1894d2d-f269-4d2c-a38a-bd62d8965486',677,17),('d193d2cd-17aa-4e65-993c-c99e56846476',746,24),('d1be5ea5-95fe-4a7b-adb7-174a9c6a10d8',999,9),('d1cdac03-eedd-4036-b367-b43b590a584a',895,14),('d1d32000-17aa-4082-b1bb-6c8c8f41faa7',941,6),('d1e0e70f-903e-418f-bcb4-77322e2cb51f',1140,22),('d1e207be-a972-4466-a713-8d2ad9acf7c5',1007,8),('d2208cf6-92ff-4c7a-ab6f-9307eecfd3b1',757,20),('d22687cc-553e-4006-9c26-96d760ca42e4',859,4),('d22c0a55-1bc5-4b3d-9df3-6a9930665b0d',683,31),('d23a59c4-fd28-4dce-8c22-40ed735a0c0e',714,9),('d24be2f3-b4c0-4519-88b1-9bd7e34e8167',856,6),('d2743908-c347-4f65-afd0-d9ae72e8090c',588,7),('d27a63e1-35ce-4065-a8b4-cb9ca908167d',891,6),('d2826c8c-7cd5-4289-aace-caf919a100a5',863,4),('d282aaa1-2e6c-4f19-9fd1-45b2e25d93af',875,13),('d28608ef-ae6b-4e61-aac6-923fbe1e668d',953,24),('d2b4cf18-f3ba-4666-84e2-86ca21801192',561,5),('d2c56c73-32a8-4af0-adeb-61a8eb99a95d',1082,16),('d2edc26f-9311-48ef-8718-8906d67cbdf5',1055,14),('d2f0a900-e275-41d0-8b35-d9cfe3f64a32',576,5),('d3117435-1401-4bc2-9524-74eff7cffe10',1149,22),('d317bf46-0156-47e9-8c63-709161f379d3',949,19),('d3280d4a-fd15-4963-abc2-07e85f28fdca',871,12),('d3372d57-d409-4ae1-ba45-cf950af91e43',639,2),('d33f3a7a-bc7e-4813-8483-a916e1acbbea',977,16),('d370b61d-d5d6-413f-baf7-3036323cc2d0',626,24),('d3a3c209-371a-4ba5-a5e9-4c24e07056db',665,20),('d3a76e17-d9df-4ff0-87d1-bc2e9fc04c70',791,19),('d3af4953-9816-4dd4-8800-42021fc7f3dd',694,6),('d424179a-9898-483f-b748-5e54acbd1c3c',802,26),('d44fc027-dc91-4db2-9ed9-c2ced7499614',567,4),('d453eac6-2341-4585-b4a1-02725a818f83',764,6),('d45821a1-00d6-42ec-bf99-b86cd53cfbbe',1059,13),('d4712564-36d9-4e59-b426-e5e9379f9c77',887,12),('d47e30ab-e8d1-4294-8e60-4d40cb8136f6',768,19),('d4951213-e17c-4d86-b34c-7c896c28e8a1',541,1),('d49ccce0-6ce4-4795-8bcf-4a423a3c5e00',1152,22),('d4a74949-ca04-4a5c-b5d5-846f39d943f9',1178,27),('d4d377ce-76cb-4c85-9a19-d7c6ec185d17',1153,23),('d4e9fc8c-6c7a-4ac7-8c59-a0ff338afca1',588,1),('d5029dde-24fc-4f53-8911-743e21c76102',694,2),('d526e1af-0391-41ef-9e8c-05cc981ba90b',576,13),('d533d4ff-9bb8-4702-907c-e994a55e0c79',768,9),('d5374171-6a58-48e2-866b-9b61a2f479f2',824,14),('d553dbbf-1ec0-40f9-b9e5-48ce010b4c4f',1049,16),('d56b7715-33f0-4495-94a8-3304a0f7d574',693,20),('d5b38ab0-9bb3-4cd2-b501-dc3b887a1976',608,23),('d5b80158-f274-40af-a8b6-4b9d9c3f46b9',925,10),('d5d9ba48-27bc-4cb8-843d-ee9c985f9ecc',669,17),('d5ecd03b-608c-4e10-9364-5ae851858dfe',908,31),('d5fcd5f6-ac13-402f-bf87-0c10b2c70e35',586,9),('d607e254-2075-4e91-9df4-f7a37fe3efb9',556,21),('d61f51db-bc5d-4b9c-aaa0-1f810cba25b4',937,28),('d625f3cb-4814-429a-af40-0a261bcd7522',563,13),('d6738edf-8c98-487d-ab00-7df39a9001fa',850,7),('d6739206-293c-4e0e-9d4a-196dead4eb62',834,4),('d69047f5-13d4-4ee5-a49b-7a28e333bbaa',603,9),('d6ad0142-19d0-4b48-abc6-254934ef1b2d',1109,24),('d6d5cf49-82bc-4b4c-ad4e-7800f663ad81',1144,25),('d6e1fe91-dbbc-46d1-b326-bf2a0cfa6740',678,23),('d6ee217a-4a60-4dca-8e7d-4ca739924d32',576,2),('d701a548-3d73-4cd4-98ab-37cfced7fd12',823,25),('d729724e-81cb-4e76-bda9-4d733acd5713',586,21),('d73d4016-70fc-4bc6-a5cb-0c305571b02c',953,11),('d78a3d7d-40c4-41c7-8dad-bd51a57dd6c0',894,28),('d78e8ff4-ea79-43e9-8cb7-dda09921fd0a',529,5),('d7affc0f-e469-4904-9f66-733237efcef0',1177,25),('d7b74abf-4702-47a5-9b2d-f2574ee195f2',693,19),('d7dc5a76-0846-4de0-b110-250046a0d79d',882,28),('d7f13f11-7303-4201-b833-3fca8b058eff',533,5),('d7f88036-d85d-429e-a411-d3b969ea514d',536,22),('d804e93e-4222-4e12-a420-c1f2cb6437b7',926,24),('d80abb3e-089c-45bb-badb-860378a138c9',556,26),('d80bc410-a9be-4666-9e41-90995db1e95e',828,5),('d81c702a-2eb8-4573-94eb-da7671234c46',823,7),('d81f998a-115c-4338-8bdc-2a8b01c4fcff',938,6),('d835a77e-b79f-49bc-9501-50e8e4133daa',942,6),('d84a7797-9887-4de8-817c-3c0001d38974',574,26),('d85e5d43-b861-4be9-a362-6e464bce84f9',826,7),('d86433ef-9bd9-4f61-8cf1-d07b7e863736',575,5),('d89b604e-f81e-4cf6-aca7-8c5b60d294f4',604,4),('d89df0b1-05fa-4019-a2fc-28224183dc27',552,4),('d8b084e3-b49c-41b2-9d5e-43f7c2937f2a',967,28),('d8c67c7c-417c-4ba9-963c-fb584557929a',618,10),('d8c8bc95-cda2-429e-98db-1656470c00ba',1038,9),('d8d05922-4606-4150-979b-51862d6577ba',787,10),('d8d872f4-709e-4e88-a858-495d566f46ea',1047,31),('d8e074d8-de38-4c98-ac0c-16ee05c8b107',877,22),('d8fd2858-0d2b-40ac-ab67-aebf297415cd',771,11),('d9001908-6b66-444e-8718-97d1024b7276',1166,24),('d9240401-ffd7-494e-8d5b-21f8a2caeb7c',712,2),('d92f455b-82fe-4d8b-a36c-569464c17fbb',1015,8),('d9482068-d7f1-4cec-9b83-b8ef8c51c115',777,9),('d9631774-afa3-42af-a495-7ee644ff2e47',962,10),('d9b59549-74de-4d71-ba8f-ab49bf14a997',957,10),('d9b5f55a-9523-4f02-b66f-7290cd7f2c75',815,21),('d9d37d90-3832-4add-84a7-7f694b7c0eb7',546,1),('d9d95948-e3f4-4441-9f07-65dd84f64354',683,20),('da062a1c-3dd6-4752-afda-25ef439eb873',685,24),('da0a9010-cfe9-48c5-a875-a88aa7ef827a',866,21),('da1a6767-1717-4c0a-a609-b8d4366ed635',1057,12),('da2ccf18-c628-45df-8c25-ebb9381edef0',1195,33),('da30c93d-c349-4a90-aa91-d3cd881c68c5',998,18),('da6afb43-0b4b-4080-9772-325e8e4cd595',804,10),('da8b2428-9b09-47d2-ad54-87aa0664795d',566,27),('da90b4ba-45c3-40c1-a618-d11cba1c6324',972,17),('da978e05-ed2c-4c5d-b8c1-5fbbf4ccb602',680,24),('da9b40d9-c451-44b9-a0c3-d8d5ffab723c',638,16),('dabc2de9-40a7-4a3e-b10f-76f663039b23',673,2),('dae9638b-8df9-4374-8fcb-c873c4111092',818,5),('daf8c0fa-2e07-4756-8371-5cd95663486a',1070,26),('db050295-722f-4dc0-a3d0-c93d862341d2',700,2),('db07496b-be31-4569-8cd1-13b30eb9fa3f',788,23),('db0f2303-d99d-42e2-8d02-8c95faf70b6a',932,25),('db4b8946-eb5c-474d-8cd9-8e0612c2ffd9',603,14),('dba253f2-3cc5-4e7a-8753-d978729a2bb9',1011,25),('dbb2372f-27f7-42ff-8ab1-0cb804b94a95',989,24),('dbb6a7ed-bb93-4ab4-a8d3-c5f6cb21d45b',535,3),('dbf68c34-09af-4c02-95ac-53bcb190c3b8',539,14),('dc1d12bf-6dc9-4e2d-9435-549add60672d',1027,9),('dc215782-2faa-4e0b-a54f-1a9e5c1085f9',1175,24),('dc32e5a3-cbff-4adc-aa9c-59359c1a433f',626,8),('dc3901c4-515c-4e0d-a4c9-4a27e7f10e18',880,8),('dc66f4a7-44c2-499f-b395-1fdd4cb99911',643,11),('dc74300d-32eb-4138-89ad-dc3b953024f1',574,13),('dc874d3f-2491-45c5-b4fb-2527a07b4572',553,1),('dcafdfdc-2d16-4c1f-a88f-e1e45a48561d',720,6),('dcb1fc9e-a1d8-4d12-bf8d-ed2f32f7de7f',595,8),('dd0d100c-62f7-4700-b634-fac5d6405231',558,16),('dd3cf677-8222-439d-a08f-97f9ce3b0546',643,9),('dd470ac6-9d0c-414d-ba7e-c6fb6ccef343',1198,31),('dd62dc39-6dbc-4a61-8fa7-e1f0a09aafd8',857,4),('dd89402d-0072-42b9-8abf-2b4f530eda72',1139,25),('dd8b8781-0961-4c62-95e1-36cc92c701fa',632,9),('dd94512e-8bbd-4d66-ae55-53b07057419b',829,31),('ddb0d5b8-1551-4c06-bc32-2b351c452f8e',804,20),('ddb1d29c-d484-4ebe-9a73-3b5f1083571e',1047,10),('ddb29d47-14d1-4c69-a638-f2b5f3cc59f1',546,5),('ddee368b-2b00-4235-b6b4-ecec39c7b4d1',854,4),('de116fe7-d6b1-400d-bc9e-6db899dff1a1',535,27),('de3b6c21-ba50-4e3f-81f2-0855a7657cd5',603,18),('de51ea51-7224-4410-91bd-940c6ad1336e',533,3),('de543485-a00b-43d4-89bf-c2e3e9bcbcc6',786,28),('de665bf7-48ec-42ca-811c-0f29cadf4b48',600,2),('de680cd4-ec3b-459c-8049-95b2aa7d5a31',658,28),('de6dbf9d-88cb-40c5-8efc-ea01ae32267c',924,13),('de74ace5-0bf1-4d6f-bd20-662281e99579',704,6),('de8145f8-d4e9-4d5d-8489-8c4e89cfbfdf',563,16),('de97e3b4-4678-4934-8d1b-cb27aae51b6d',902,6),('dea840d9-f71c-40d1-be38-6ee8208f70af',861,4),('debc4671-1a90-4b6e-a56e-c489f28ac499',856,25),('dedb8998-7c21-4834-a1ad-7291377d3f3a',1098,24),('dedd10c6-ddec-4694-a0e3-2facf0908bb8',1035,9),('def6cf91-c4c2-4a24-90fb-2e59418d046e',604,22),('df462d41-7696-4d6f-9b3a-8c01395791bc',795,9),('df554dc9-5c92-4a87-a8ab-28d72931d8a9',594,10),('df68eaa4-9083-4214-9242-f1af620caabd',597,4),('df9855fe-858b-442c-9fbb-7649b4b92aa0',844,15),('dfa07614-6eee-40bc-848e-dff4c8155dfb',629,24),('dfa24551-c25a-494f-a065-2833a5d5004a',586,7),('dfa86abf-f07c-4f0b-8122-5d0bd4560e67',827,19),('dfc811bc-be6c-4238-95dd-ab6415a7dd8b',558,9),('dfd6d7c8-e5a6-45e9-a3f5-7f2279941f48',856,13),('dff126c6-9c30-4412-8a28-40baca861472',588,29),('e010dd52-5414-41f0-a724-194c9d3dae43',1126,17),('e024fb25-deae-4b47-ac43-3163403399a2',566,32),('e02ecd57-451c-410f-90d4-4365fda0b230',914,13),('e035bdf6-d68a-41c0-975f-b7b129ef33d9',801,2),('e03a4966-c6a2-4f27-b8db-e294b8e11151',834,13),('e03e31ab-0302-459c-9fa9-2e66e4fbd217',803,9),('e0959873-6a63-48f9-b296-ea24223059a4',1041,10),('e099460a-54a6-4b23-b9af-59103af4d80e',667,2),('e0ab0129-d2b2-42ae-b77e-78388dea4826',868,30),('e0d2fca1-aabb-4690-bf37-68259dfd4826',1060,14),('e0d43209-d49d-4fde-a0f4-c0ef04fcbff3',1028,9),('e1312da2-5fc8-4709-a811-7b1f7c801187',595,17),('e17d288e-75b9-4197-8727-054f8e308465',1129,20),('e1a8d4f8-5747-4980-9c3c-4b7604276a33',613,24),('e1ae9d5f-d1b6-4526-84be-1672317e5736',1093,17),('e1c575b3-4812-4d6e-9e4c-2bf87cf37094',801,10),('e1c7cc9f-e584-4f46-85dc-4be99f8a0a5f',932,14),('e1d1d360-440f-4249-bd95-e4e502512f4c',574,16),('e1ec6209-b4f2-44c9-a655-08bcb32d3f37',1001,21),('e1f00eca-2bc3-492a-8726-c7bb04670972',824,21),('e20bdf5a-058c-4f27-b5e4-4ebe17fb16f0',728,24),('e22c1e95-030b-430b-b223-a7cfc3f724e9',568,5),('e2317a71-c3d2-43ea-85c6-39c55911f81e',891,11),('e246a77a-895d-4dfd-8ea5-ab667022741b',1123,17),('e2590e06-8c7e-45a4-ad59-94213b0f678a',565,15),('e25d13eb-cd91-4a35-b059-45dcc8532c6c',983,14),('e279610a-e370-4264-99b1-788e55aad428',983,18),('e2896480-8ade-41c8-aea9-316d40639fdc',846,5),('e28b1edc-426c-4365-9319-1744a6810518',739,9),('e2b9f9d1-d172-4ac5-a0d3-2a421428aa68',875,22),('e2ddf078-8cc3-466d-8f2f-ae42b4c996ed',901,6),('e2f48483-61bc-49b0-a20d-f8d47cdc686e',836,5),('e2f73ff6-325b-40cd-8fe9-b38e96d88856',565,14),('e30ec5a1-d6a0-4e01-a329-d1ff6543bc95',920,10),('e31bf18d-9115-4f1e-8ad3-05404bc3e91a',594,15),('e321ee03-6c4a-42a9-b61f-2131ee92d587',903,28),('e325ac69-3a4d-4936-a9c8-5206cba3d2d9',998,9),('e36108aa-9868-4008-b1bc-e8c36ef4bebb',544,4),('e39926f4-1f68-42b1-ad56-0ddefc57b3b9',843,4),('e39fe736-60f0-4305-bdcc-fcdd8259af6d',599,8),('e3ab798f-b01f-444e-b51d-c1242c09a6cf',880,19),('e3b38a08-c850-44fc-ab6c-151fff373ab8',935,17),('e3d0a52f-10d5-4c90-8893-9452a2875641',775,2),('e3ffa3cf-ab1a-487c-a2f3-8f794411e9ee',820,5),('e408c235-03d1-4d46-a073-8bfd9037fe2e',590,27),('e4513c2f-0bb0-4cf0-9691-4c33a482782d',1076,13),('e48b073c-e5d6-4682-ae53-a3f257fa92a7',910,6),('e4af13e2-99d5-4271-b30c-d990aa920b02',968,6),('e4df4365-562d-47c3-961d-03816a599d5c',802,30),('e4f04296-cf6e-48b6-9359-2c3257d5ead6',574,5),('e50a43b2-54b2-4af0-b8fc-9a94065df5ce',1001,12),('e50e8498-8c48-44b6-a0a0-cd59df34758c',875,5),('e524e891-5877-43ab-804b-409d2c0bafe6',654,2),('e52ee061-5dc3-4ab8-8de5-c5919266d656',672,2),('e5336d93-ba81-44a9-a290-32a913ff812b',1033,12),('e5366ea6-5632-4d94-b4ad-6ad77bfcb7c5',877,5),('e57acff6-4b16-4bda-bbd0-6d5c3eecda27',1072,14),('e5be52d5-92b8-40ca-9a94-4b93e18d325c',696,24),('e5c907d3-1130-4fec-8063-ad42ac08bb6c',882,20),('e6320ea7-70aa-4aa2-b1a6-d6a39cf5ab66',938,31),('e66d6001-f6a8-4afc-bb54-f8818ccacb2b',877,12),('e6895806-06e1-4b2c-bb0f-76f1b405fddc',553,15),('e693653b-f93c-4fdc-bb97-970bc560e34c',723,2),('e69aa8f4-8046-46f6-ad84-e53c1fb98555',773,8),('e6ba1c37-4dd9-40c0-9e91-8cb1150e7387',598,8),('e6d9bd27-d60c-416d-8a8b-7cfeb04bb833',663,16),('e6e85322-d92d-47a5-89c8-687a3307e770',1050,12),('e6f85b82-f0a3-45b7-8940-b3fcb89f9ce6',643,23),('e71133e9-0baf-4c82-b9a1-0c3d1494aed3',599,6),('e73130bf-c27d-451b-b6ee-9e2f227ce7db',682,2),('e73fb5fe-904a-4447-97eb-fd9e92858cf4',785,19),('e75c2383-5e58-46b6-88d7-7f97230a0156',1066,14),('e76db7c3-2fc8-453a-8101-323c545c66cf',550,20),('e77ba9c8-dcd5-445f-980f-4e49e2d22ff5',928,17),('e78e9752-7a04-4bef-9ec1-76a63dece581',535,9),('e791c67f-1bae-474f-a696-47d0afbd6473',942,11),('e793b185-ccd6-42ab-85cd-77f1c7270940',551,27),('e7994a77-d4f4-493d-a008-d61990d948a4',820,4),('e7c1fe65-3ab9-4be2-a633-aeab7cde486d',773,9),('e809e376-dd3e-41ee-a503-e6fb4dad5232',998,16),('e80b96b6-e5b7-4970-b09d-eef176a36ebb',777,10),('e80d7c90-4c76-4e9f-855d-782b2f470711',542,4),('e820a2d5-3c40-403f-ab0a-5e828b51218b',1181,25),('e836511f-2702-47da-9372-3c334c37e4e2',1043,17),('e88b7165-ed7e-44c5-aa96-33217d924aef',632,8),('e8c002b9-8c13-4b10-85b4-b768f1832b09',1114,24),('e8c3b855-677a-4407-abb6-0e843a50ef76',811,10),('e8c9f2a2-47a3-4431-afc4-aab03beff610',727,2),('e90b1c18-6798-4a1d-a48b-efdcb0805529',694,10),('e914fdfe-d0af-474a-b899-435612411858',586,1),('e92e3115-7ab8-4e18-a658-d525a715f09a',649,19),('e941ea52-4ef1-4b8c-a927-76ce46281ead',685,10),('e9420c5c-074f-4530-8b82-a233a55251d4',1001,16),('e94b4cef-dca8-4219-99c5-d2ec924de479',659,17),('e94f1ea1-70f4-427d-81b9-bd525162947e',549,7),('e9531759-c54f-4c2b-80cb-05273e863483',741,17),('e9a0236f-f1f1-4ef2-88a9-3ce06c6b94cc',996,16),('e9a6d7db-6e21-4e4b-9cf2-d47558c65128',750,2),('ea350341-52dd-4003-b910-353f90b99199',844,14),('ea4b3219-b232-4fda-bc7d-9037c4f4dc35',800,6),('ea5c0afd-cdaa-4045-8cc7-a308a5ef94fe',737,2),('ea60200e-8089-47af-990d-e959ed27943f',558,26),('ea6a3470-c1c6-497d-b28b-97ef7de41699',1127,17),('ea7e90e6-2dbd-418a-8041-573bef2efffc',836,4),('eab02054-a87a-4d62-a4e5-b8a79b7a9e1a',1098,20),('eab41623-0f3b-40f0-9a71-0b9a48a129d0',660,2),('eabba727-f708-46ae-af0c-6a94ab37e48f',959,20),('eac182f3-0f81-4ef7-b395-1b199945e5ec',709,2),('eb081f1f-a504-4ab3-85a0-03e94dc89391',752,24),('eb2746c3-5cdf-4aca-9266-31a4a885f45b',883,24),('eb2cf6f4-68af-40ab-9740-a02f6ff9a198',683,6),('eb399dd9-5b18-4bdd-bfde-9f7b0f2b1f9b',1193,31),('ebc6df65-bc12-4b4f-b345-f14a3f9da541',560,1),('ebcaa5ca-5cd7-4f04-af16-c6e971cb2e6b',563,5),('ebcefbd3-2847-4412-b198-4b99359f1340',1086,14),('ebded859-ed82-4deb-94cb-71346c5e72c6',880,5),('ebec5ac6-51de-4f0a-9522-35127ec3886b',728,6),('ebed71b1-f1f1-46ad-88c9-df44643b0418',1013,8),('ec113070-ad36-41bc-82af-f5bb2eb89e5e',562,14),('ec1c8993-96a7-48c6-bf79-2810bb88ec63',1020,9),('ec2cd791-b8bd-4f17-a840-fbb5b2149a21',973,32),('ec2d7e77-ba72-4236-bb20-9c8e7b19d8b4',982,14),('ec60ece3-a205-46a9-afa8-017f18417207',1183,27),('ec7242b5-9519-4301-b4a8-07a2cab9e7fa',545,5),('ec7da309-6b93-471a-b4e6-dd80fa127787',1012,8),('ec8f40cf-1ebd-404d-933a-397f114b5991',589,18),('ecb46759-0fe8-407a-a649-266a46d45796',740,32),('ecd7350c-ef65-429e-8e6e-914516bb222e',627,6),('ece36a87-e3f8-4a90-91ba-0b17e47717b3',905,6),('ece8bee3-6629-4104-abab-834a6daf3df7',957,14),('ecef8350-6d95-4b78-8077-3a9dfdeb36ed',901,11),('ecf81174-8f3e-435b-9e13-356e6c32bd41',815,22),('ecf8bee3-39e8-46d6-a3dc-2e2d09cffeda',666,24),('ed037293-13d8-435a-8b5d-a89f57501554',815,7),('ed080f10-91b2-4136-9ec3-9985f2670df9',600,8),('ed2358ac-42d4-479e-9162-ea29d83efdaa',536,12),('ed40ad14-491a-446c-85dd-5cb4c8ee9ed7',586,16),('ed4b148c-dbbd-4db0-9a12-69eb8f866a29',1056,22),('ed877663-4d14-46e6-9150-1c0342929666',1049,12),('eda37f43-f9e2-4634-b00f-684711775b26',591,1),('edb99daf-0622-4ab0-aee9-dc24afeabec2',911,6),('ede46008-cefc-4ad5-a68e-dbe8ade7e6cd',565,16),('ee17e4ae-592f-4dd1-8a4b-6db4474a6035',578,14),('ee1c538e-d659-4f3f-ab06-303b9f63f28b',887,32),('ee5f6fae-762a-4215-8240-5ee3bc9ca56c',566,22),('ee60786c-92ff-4be6-ba28-c2f339fd2a55',989,23),('ee71bd57-bd63-4871-b5f2-44d608b0410e',707,17),('ee8bc780-9473-4e41-85e7-8c5ddcc6baeb',832,26),('ee9a6f92-217a-4c4d-a57e-f834d101246a',569,1),('eea4dcd7-57e3-4b18-878a-d6f9338e29e4',872,22),('eea7d22a-9c52-40d3-bbb1-5b5b2dba104d',953,23),('eebb49c7-7848-470d-8f63-2e194ad99f7d',824,4),('eec522ce-85e3-4776-9140-d2f6a396f322',683,10),('eeca8c2d-e5f3-409a-9d51-502ab6733333',687,24),('eeee8a46-a38a-48cf-a3b0-478d72b6d24c',580,33),('ef18846f-1af9-4e22-87f1-016b5fbdd6b7',940,31),('ef27616e-ea38-4a36-94b1-dab1b137572b',550,17),('ef48c582-c15a-41df-8204-82db0ebf540d',560,17),('ef5c3e3b-66dc-443f-aa05-2195dbc1b3d4',607,2),('ef5fecda-7a2e-4d6c-9835-deb46e794bca',733,28),('ef66b886-8839-4732-a7bd-54933040fc75',903,23),('ef8d0aee-9e45-43c2-b04e-22321609065f',868,26),('ef9507c7-d555-4b9d-ae22-67a987c3be5e',745,2),('ef9d3dea-9754-4441-b1d4-5dd00cc0fc56',693,28),('efb1e0cc-f85b-4eaf-b0ae-8b764f4e396d',533,18),('efb58583-3322-4607-a6b3-99f5f3902ead',897,6),('f010fc0c-a8ad-462d-9cd8-37ccc20364a2',798,24),('f019041a-ee5d-42c8-b84a-8a373a3908ef',1027,17),('f022c609-45f7-4d1e-8303-f66e7dce1933',895,13),('f050c800-9956-4c80-be6a-46bb25e45d4e',867,27),('f0550dfa-7388-4576-b3eb-688cf4b87999',558,4),('f09fd4bc-df4e-4cee-91c9-26bc2cb0f803',566,24),('f0c923f8-cacc-4e92-8127-b41731117426',534,5),('f0c92a10-1456-4a4c-9029-86a72e74a953',578,18),('f0d675db-138a-49a0-9170-a4b78c9f1c23',704,9),('f12e84bf-52eb-42ff-af16-4bf81c132513',544,1),('f137504d-c9e0-4d77-8b0a-f23672e6fed5',723,8),('f1403835-f8d2-4edd-ac25-7ec18da6e535',1189,27),('f1a721a0-eada-426a-8cab-68a9ed98deac',940,17),('f1b87339-14ef-4a3e-9dca-1adf91331ecb',554,17),('f1e17849-47d0-42f0-9f0f-339eba4cc9bd',916,28),('f1e1d1bd-bd58-4ca1-8800-cfcd39f4c58c',613,28),('f1ed2215-60d8-44a3-bc83-ffb507c595f6',548,27),('f1fb921c-6c91-4f02-829e-a04eea02620c',862,5),('f23b2522-d37c-4583-a411-7a1c0412d537',842,5),('f23e4e60-96df-4941-b154-923d0b02e01d',955,6),('f24d556d-be36-4429-abc7-f51877630046',731,9),('f2666bfa-1409-4c9b-9ddc-edf91e142429',1092,21),('f267d1e0-f47f-4969-9df5-44154f1c5087',904,6),('f2767db6-9c93-43a0-aec6-f27de098e62d',532,5),('f27854a2-62e4-431f-ba1f-bdba5baa3608',535,1),('f2904788-a11d-46ba-a76f-ecdb843faa67',707,6),('f2a93c50-c4e1-4f25-8173-263a0e5339f6',623,24),('f2c5cafd-bdd3-4881-87f7-1c8c261890bd',612,6),('f2e7e8e3-75f5-45ae-98bf-173c601d0796',718,19),('f2f0df66-3c09-42e3-abd2-9f8284fb4895',750,23),('f2fd7cc9-8226-4696-b043-8881d7e4eecf',1105,17),('f309888d-2329-4dbe-8a7f-abf4ab1af586',684,2),('f33edfcd-9845-47c7-8de1-ef4ce1262f2f',563,4),('f3410f6d-2d94-48a0-b6ee-2dc2671f1607',564,4),('f34e98bd-41f0-4c6f-a078-f380ef49ecd6',583,1),('f3599a36-c7c8-47d0-b908-83d4ebde5374',880,32),('f3cc35df-5503-4307-8a57-583b1fb8d694',612,14),('f3d930b4-1643-4a86-8b09-77466dc9bb2c',979,6),('f3f9703e-bb04-4980-b09e-b251d1cc66c1',789,23),('f42c73f4-16e5-4929-9f5c-34fa9485d0e7',997,14),('f42d0265-5208-4226-b910-e316462402b7',709,13),('f4316e84-c10b-48f9-91c6-20421f94c92e',682,8),('f449f464-36cd-408f-b3a4-c4ef106a9aad',549,26),('f4575be9-e3c7-45d2-ace7-81cab7b4ff20',543,1),('f4682bfb-8bfb-4289-8267-1948b503098a',824,12),('f484d54f-d141-47f0-95b0-a22fbfd46f5a',616,28),('f4a30b78-848d-44b3-b90e-52efbed045e3',841,4),('f4c01080-b17c-4efa-bb22-41afd1e53808',763,23),('f4ded267-9eff-46b0-b235-9ddc101a27fa',602,9),('f4e8ade9-0de4-422e-9417-74f0b8b35123',847,5),('f510006d-7fb9-4cb3-9924-bff771a1662f',995,7),('f54b65f9-6c89-416f-838d-2d39f6587dee',603,3),('f56cbc51-bc29-43ad-b8e3-60c3dd149021',751,2),('f571579c-e191-4f18-867c-4810ed7f622d',599,5),('f5745741-4671-42d3-b269-c80101187c64',609,6),('f57d81e3-7dee-41b4-8398-4bb41f543059',751,14),('f58571b0-e6bb-45b8-9924-0cac8a49e702',846,7),('f59bcd7c-25f9-48c1-a2bb-57fe69a1b87b',564,5),('f5a898de-0953-4ab8-b59c-4a99b3b3320d',891,10),('f5b4ed78-f6e3-448a-913c-ac6efd302639',770,33),('f5c56181-e3c0-439a-9219-0e9dfdeccd57',1179,26),('f5d51843-2feb-4c0c-af39-0088724526cf',603,13),('f5da84bb-e2c3-4b65-874d-02e7a620a9cf',594,4),('f5f653ea-c646-4933-bf31-1c45089cf64a',590,7),('f5f8aac8-a385-438e-ab16-a7c3133e74de',728,10),('f5f9c62d-3336-4bdc-8f34-847d2ecab4b8',536,14),('f6048d8a-ef08-4f32-b69f-443838b08a0b',564,7),('f60b39ac-c31e-4238-9537-8e87440f2b7d',868,5),('f60c477d-90e9-4b8d-8041-7b937a8a5659',1000,7),('f62e018f-eb07-415d-9b90-5408004124aa',793,21),('f6646ce3-7eff-4637-9bd6-759ad020e223',729,24),('f6651b09-5151-4952-84ab-28f38bbf8f5c',604,30),('f67238bf-3a75-472f-9e71-1ac110544615',786,17),('f67bfab3-be55-49c9-82fe-dd102d503793',646,24),('f6809543-39bf-4664-bb10-1b46b9459519',1113,24),('f686eff9-f042-42a1-9f6f-76468d8b50bd',678,20),('f68b63c9-7ba5-4f5a-ab28-2cccd42e8605',704,17),('f694ccd7-6458-47d9-acaa-927bba90b490',1054,14),('f6a572e9-29a0-4faa-9778-c6915a618746',544,23),('f6a849e6-7839-4176-b1e2-8f225d7c80c4',860,4),('f6aacb35-38c1-4479-abb7-c70ce819dcf9',1196,31),('f6b7321e-ecc2-4a8b-a74b-7260194de6ba',757,10),('f6bcccd9-c638-4ca7-bd3e-ac974a87a2a2',555,4),('f6bcd584-8a4f-4d2a-823d-735f7c1b4cb5',567,30),('f6d1d49d-b2e9-4bd1-ad20-938bb1ce2854',877,25),('f6f4fb49-9ffe-4b2e-8454-645af9b270d0',571,27),('f6fa9e13-e18a-4a28-ae93-2144a5af1f82',804,11),('f73bf54a-5fff-4da7-98b6-603b94a055a3',1147,21),('f7430114-a1ba-4d87-8a0f-81ee8ab1229c',1062,12),('f77268f4-2f32-4f7f-9f0f-8b0db39df087',543,5),('f792ef38-bb8a-4efe-b344-a19fe0ae5953',865,16),('f79a03a6-c9c7-47b1-918a-5d19ef671096',550,25),('f7a7e3a9-f6b9-46e9-81e3-d2162038a7e4',787,28),('f7b8505f-9b0b-4b92-bb5e-88be19a6152e',1101,17),('f82f594c-3e51-47a3-b3ec-f064fb1bedd6',1001,25),('f8444e82-424b-4b97-963a-eb799ef15ea5',763,31),('f84deba5-ac72-4a27-a9db-fa48dcf36971',646,2),('f854eea6-9894-4fe3-ab7c-b747a7c99d63',627,23),('f85e5ded-daae-4387-949c-34707c67928c',790,24),('f8a29593-5766-4ecc-809d-27ccfa2261cf',1187,26),('f8afb136-fbe2-4958-b3eb-e3402f11bed7',1063,16),('f8b76f18-b994-4816-8bc6-58fd876df585',874,25),('f8c56734-419b-40d8-a2df-156f5441ef00',630,28),('f8c781e7-1cdb-4013-9005-ddd39d064a44',556,3),('f8cc57f5-e79a-442a-b609-790badb19e6d',848,16),('f8dbbe5e-eac2-4540-985a-4db4a78d4f96',855,24),('f934fffe-cd63-4276-a290-9c2b63422abc',817,3),('f9435a10-1be5-47da-b054-bb68ec2dad69',721,2),('f95eb5be-f471-467c-91f6-48f9f196c0af',818,17),('f968153b-cf14-4c8c-8896-80e9b1ad1995',1105,20),('f971d92a-c53d-42fa-a5fa-350f718f9201',578,9),('f97e5c4c-8a11-4075-a255-60b987ec1ce3',772,6),('f98ef0fa-9fb5-4c4d-8132-39f7cc31b387',878,30),('f9a58e39-73a8-440e-9515-e9c3589d73a4',988,6),('f9e379f0-fd75-45dd-ad84-fa41072b1959',655,6),('f9e7fd9e-145d-413d-9b64-4df1dc185818',572,16),('fa1656d9-5571-46cf-a5c5-86e67c929db5',632,11),('fa26af3e-e53a-4433-80bf-5d65e1bc7532',838,4),('fa3269ee-8c6d-42a5-9287-4543bef5de6f',945,17),('fa5ef164-c075-48eb-abc5-3301d86fe5a9',590,30),('fa63c22a-1aaf-497b-ac61-db9abfbd19b5',932,13),('fa834092-1f69-417a-af93-232dde4b24f1',800,2),('fa88d582-1be6-4790-909a-8d896f9f8b51',561,26),('fab1bfe2-0736-4474-98f7-099aa273c698',572,22),('fae529de-8776-49aa-9202-c19b74a57c47',577,20),('faf6410a-295d-4983-84f0-b234a324f043',1067,14),('fb36de6f-d706-4557-899f-1475ffa90c70',1117,17),('fb462d82-3497-4155-ab5b-c2a23a946722',788,19),('fb4b69cd-5dcf-4d5c-a2d2-3db9f6f9e73c',781,6),('fb6baabb-c577-4fb4-82b7-5bd5f8f1a5d5',831,4),('fb72eee6-0eec-488c-a16a-ca0684bab67e',571,26),('fb7e9216-a134-4a5c-bbc6-70d5a51b4484',603,25),('fb8ca5c7-d414-44f6-b792-a97fd3fe47ad',604,18),('fb900fea-d1e5-4a3b-b19d-3873ae157d20',929,6),('fbb604a8-801e-4ee4-acd8-c7e02fdc2fdf',533,13),('fbb96263-8083-4b1a-b1d9-bcd449ddc06f',810,2),('fbbfc464-f48c-47a4-8a14-7c418a4763e1',844,16),('fbcd8c59-2dbc-4a77-bb66-f96f9d054cdf',848,5),('fbe196ce-194c-475d-9d5c-280814239943',945,6),('fbe2dbee-e7a1-4572-a3e5-66f604889280',733,31),('fc024064-89b4-4393-aa95-1172ebb3e559',957,11),('fc0b7f20-9450-4904-87cc-a07e546ee8ac',574,7),('fc156e90-eb21-4c36-a433-d0db2107fe9d',719,17),('fc41c58a-0ae9-431b-a488-b9d4ee3c711a',667,24),('fc52e6ad-a19f-475b-b251-767a46343e8d',865,30),('fc566499-2661-4067-ba29-0cadf1781210',629,20),('fc73350c-1597-4c83-8a7e-605b8cd8de65',665,19),('fc88187f-e100-4501-920a-36a4d5c0c311',884,6),('fc9bde4a-c170-4b5c-af83-40dd01414fe7',707,28),('fcb963ea-2fe1-49aa-b01c-d09fb86b6453',923,6),('fd09e1a8-4cbf-4e72-b726-e8240aa4007a',674,6),('fd132abe-7513-4c70-998f-fdad9d69263b',767,8),('fd5feb8f-4847-452a-8169-0f0cded68035',767,20),('fd6a7bc9-5e84-4776-ace3-1f590efa094f',678,31),('fd6ae377-ecf6-412e-b670-9061cfddfda2',1186,25),('fd6c3755-56d8-4987-9fb7-80aee40148a9',788,17),('fd80f842-bd5b-4aff-9158-1773efa3a9b5',897,21),('fd8a0e24-c94c-4210-abc8-75340bd06108',676,11),('fda3257a-cf7b-4c1f-b607-b11135466307',620,9),('fda3fad8-8086-497b-9c19-880c0183af5c',694,20),('fdb7b495-1f0a-4fa8-98ca-5ca7f33b3b89',878,21),('fdce026b-1a19-4bac-8eaf-c1e98ee05446',622,19),('fdefe5ed-7385-43b4-8aa5-a65b81a6e696',854,7),('fe084515-cc8d-4234-9407-71d68280e290',550,4),('fe0cf4f6-ad4d-42cb-a73d-e63ac109a1d8',1059,20),('fe179783-cd38-4604-8faa-d1345a6fc332',594,2),('fe371f21-fee6-4cdb-863f-cdb2a9cec746',1059,15),('fe48020c-7949-43d5-8d65-26ea145078d5',527,5),('fe4b726a-6982-4101-b130-da7625947ea2',806,31),('fe7b7467-af53-4cd4-8d89-5602210004ba',571,29),('feb1f467-0eb6-4eb0-8ac7-649891de1999',719,2),('fefaae55-92a1-4420-8ef7-6e9a0aff94c7',1058,15),('ff1172b2-14d8-4c80-9854-ba97d078ffce',1108,17),('ff130743-3e6f-42d9-be35-57eeeeb72501',1136,19),('ff16fc97-c12a-43d7-9a62-4982bccb9feb',677,2),('ff1e575b-322f-4e41-b97c-8cdcbcbac070',561,21),('ff50142b-22ef-4961-8f2d-3e52ca3b8181',624,24),('ff69ea76-988f-49e1-84d1-c8156b11d26f',874,21),('ff75df8a-1beb-4be7-8324-8a5c3d308606',1173,24),('ff7d566c-3b72-402f-8c42-02bd79c535f0',1128,17),('ff937961-100e-41b1-89c5-3371ae672b17',601,6),('ff998743-ee21-4868-8dbd-c7c79f5205d0',842,4),('ffa2ea51-c4b8-4f6b-b9bb-efe78b900aca',709,12),('ffb773c6-3849-4b32-9267-d00775804c3e',791,6),('ffbbf1ca-28c8-4114-967f-5ba1c2f3a8e6',603,20),('ffbd392f-66ca-49c5-aeb3-9e9af7a7ee30',1055,12),('ffe60cb2-22af-47f7-b2dd-0b6ce5acba2d',694,31),('fff7f185-b3b5-4672-b15e-0e74135811ea',554,1),('fffa4184-e7c5-4ee7-8676-672b6741904f',987,24),('fffb1603-985a-4846-aded-d66e955e45e2',1060,22);
/*!40000 ALTER TABLE `certificados_por_usuario` ENABLE KEYS */;
UNLOCK TABLES;

--
-- Table structure for table `usuarios`
--

DROP TABLE IF EXISTS `usuarios`;
/*!40101 SET @saved_cs_client     = @@character_set_client */;
/*!50503 SET character_set_client = utf8mb4 */;
CREATE TABLE `usuarios` (
  `id` int NOT NULL AUTO_INCREMENT,
  `nombre` varchar(100) NOT NULL,
  `correo` varchar(100) NOT NULL,
  `identificacion` varchar(20) NOT NULL,
  `telefono` varchar(15) NOT NULL,
  `estado` int DEFAULT NULL,
  PRIMARY KEY (`id`),
  UNIQUE KEY `correo` (`correo`),
  UNIQUE KEY `identificacion` (`identificacion`)
) ENGINE=InnoDB AUTO_INCREMENT=1205 DEFAULT CHARSET=utf8mb4 COLLATE=utf8mb4_0900_ai_ci;
/*!40101 SET character_set_client = @saved_cs_client */;

--
-- Dumping data for table `usuarios`
--

LOCK TABLES `usuarios` WRITE;
/*!40000 ALTER TABLE `usuarios` DISABLE KEYS */;
INSERT INTO `usuarios` VALUES (527,'Ander Gilberto Popol Poron','anderpopol24@gmail.com','3127798010416','51176698',1),(528,'José Fuentes','jose.27orozco1@gmail.com','3307968951202','59434855',1),(529,'Melvin Valencia','melvin.valencia710@gmail.com','3205672730501','50276968',1),(530,'Diego Saul Camey Giron','3005125970101@ingenieria.usac.edu.gt','3005125970101','35296628',1),(531,'Miguel Ricardo Galicia Urrutia','galiciar319@gmail.com','3776080760101','49783893',1),(532,'Luis Carlos Corleto Marroquín','carlosenrique129@gmail.com','3082203580607','31275090',1),(533,'Lizz Andrea Morelia Castellanos Salazar','lizzcastellanos123@gmail.com','3010499980101','33375058',1),(534,'Angela Beatriz Canel Hernández','angyhdez5238@gmail.com','3032295860108','49846882',1),(535,'Pablo Josué Barahona Luncey','3560855890101@ingenieria.usac.edu.gt','3560855890101','33360946',1),(536,'Gabriel Eleazar Valle Hernández','gabrielvalle300@gmail.com','3050112780117','56394315',1),(537,'Juan Andrés Oliva','juan.oliva@agexport.org.gt','1999948460101','0',1),(538,'Luis Andrés Calvo Arreaga','2988014850101@ingenieria.usac.edu.gt','2988014850101','56540374',1),(539,'Walter Daniel Jiménez Hernández','wdaniel.jimenez@gmail.com','3046985120116','58686925',1),(540,'José Fernando Salguero García','salgueropepito@gmail.com','3386401501001','56306458',1),(541,'Mauricio Alejandro Sagastume Barrios','mausagasmc2016@gmail.com','3222158380506','30208556',1),(542,'Byron Estuardo Caal Catún','Byron.ccaal@gmail.com','3006439930101','41888072',1),(543,'Melani Alejandra López de la Roca','aledelaroca@gmail.com','2844605750101','59732879',1),(544,'Josué Samuel de la Cruz Medina','josuesamuel.dlacruz@gmail.com','3050124790117','59959606',1),(545,'Yury Alexander Cruz García','yury.alexander2005@gmail.com','3186186720501','0',1),(546,'Jeser Emanuel Rodas Medina','jesermedina570@gmail.com','2994814410101','56283820',1),(547,'Daniel Estuardo Chicas Carías','chicasdaniel53@gmail.com','2997589900101','42578452',1),(548,'Joshua David Osorio Tally','3065420560401@ingenieria.usac.edu.gt','3065420560401','50367150',1),(549,'Daniel Estuardo Cuque Ruíz','danielcuque78@gmail.com','3024465830102','54380067',1),(550,'Alvaro Norberto García Meza','ga1318garcia@gmail.com','3046971840116','40584065',1),(551,'Aída Alejandra Mansilla Orantes','aidaorantes9@gmail.com','3009610220101','31508487',1),(552,'Mariano Roberto Rac Noguera','marianitorac2002@gmail.com','3530110610101','47264846',1),(553,'RYAN JOSÉ RODRIGO SIGÜENZA HUERTAS','2990640180101@ingenieria.usac.edu.gt','2990640180101','55690625',1),(554,'Anthony Samuel Zea Herrera','anthonysamuelzea@gmail.com','3661462700115','0',1),(555,'Ludwing Alexander López Ortiz','3005455760101@usac.edu.gt','3005455760101','35881926',1),(556,'Carlos Enrique Boror Licona','Carlosboror070@gmail.com','3039040460110','42838309',1),(557,'Carlos Roberto Rangel Castillo','carlos.rangel.26.09.44@gmail.com','3005653640101','31035611',1),(558,'Damián Ignacio Peña Afre','damianpeaf@gmail.com','3344112111301','47176485',1),(559,'Andy Asael Sánchez Jiménez','andy14asael@gmail.com','2994066870101','42752318',1),(560,'Brian Josué Erazo Sagastume','Brian.erazosagastume@gmail.com','3012750170101','56240441',1),(561,'Kevin Ernesto García Hernández','kevingarciah58@gmail.com','3737790890101','53768915',1),(562,'Damaris Magali Arce Guzmán','damarismagali.arce@gmail.com','2997592290101','59634090',1),(563,'Oscar Daniel Oliva España','elmco13@gmail.com','2905334300101','41173139',1),(564,'Carlos Daniel Acabal Pérez','danchiacabal@gmail.com','3714573780101','33572631',1),(565,'Henry Mariano Ambrocio Terraza Pérez','henry.w.a.4@gmail.com','3400129941413','47927429',1),(566,'Rodrigo Alejandro Hernández de León','2823897250101@ingenieria.usac.edu.gt','2823897250101','53085107',1),(567,'Ivan Alessandro Hilario Chacon','ivanalessadroh@gmail.com','3028601340106','56382156',1),(568,'Gustavo Alejandro Girón Arriola','ggironarriolaa@gmail.com','3009067570101','42735134',1),(569,'José Daniel Velásquez Orozco','jdvela158@gmail.com','3006875750101','55385921',1),(570,'Hesban Amilcar Argueta Aguilar','hargueta.mastercall@gmail.com','1649841270115','33770223',1),(571,'Edgar Josías Cán Ajquejay','josiascan2002@gmail.com','3114767160409','56173319',1),(572,'Juan Jose Gerardi Hernandez','2994763830101@ingenieria.usac.edu.gt','2994763830101','50162248',1),(573,'Diego Andre Gomez','Andreesturban@gmail.com','3700995670101','30368932',1),(574,'Christian Alexandro Aragón García','chrisaragon4@gmail.com','2987015960101','41506325',1),(575,'Herbert Steve González Camey','3033001160108@ingenieria.usac.edu.gt','3033001160108','56260702',1),(576,'Bryan Eduardo Gonzalo Méndez Quevedo','bryanmendez101@gmail.com','3004158930101','47734722',1),(577,'Jhonathan Daniel Tocay Cotzojay','jhonathantocay17@gmail.com','2878571900109','54307789',1),(578,'Steve Mario Alejandro Alvarez Cifuentes','Stevemarioalvarez2004@gmal.com','3021434830101','51218431',1),(579,'Esteban Andrés López Avendaño','3005636390101@ingenieria.usac.edu.gt','3005636390101','55782032',1),(580,'José Manuel Solis Ortiz','2997224650101@ingenieria.usac.edu.gt','2997224650101','31717782',1),(581,'Juan Francisco Urbina Silva','silvapaco810@gmail.com','3005375220101','55734363',1),(582,'Marcelo André Juárez Alfaro','3556704100101@ingenieria.usac.Edu.gt','3556704100101','54686864',1),(583,'Esdras Sales','salesdras@gmail.com','1798321070101','46920921',1),(584,'Uzzi Libni Aaron Pineda Solorzano','libnipineda@hotmail.com','2848769330115','49682069',1),(585,'Walther Andree Corado Paiz','2290361550101@usac.ingenieria.edu.gt','2290361550101','44450914',1),(586,'Angela María Esther Escobar Alvarez','escobarangela829@gmail.com','3809160880101','38843997',1),(587,'Harry Aaron Gómez Sanic','harry7801234@gmail.com','3601320810101','53670191',1),(588,'María José Tebalan Sanchez','3793409250101@ingenieria.usac.edu.gt','3793409250101','54842528',1),(589,'Xhunik Nikol Miguel Mutzutz','xhuniktzi@gmail.com','3063726060401','0',1),(590,'Andrea Jazmin Rodriguez Citalán','3019802410101@ingenieria.usac.edu.gt','3019802410101','59479135',1),(591,'Juan Diego Martínez Hernandez','juandimh2602@gmail.com','3914014400101','55750014',1),(592,'Diego Alejandro González Morales','diego.gonzalez40740304@gmail.com','3590681460101','31688912',1),(593,'César Alejandro Sosa Enríquez','asosa@ebg.edu.gt','3006215820101','30672214',1),(594,'Carlos Ojani Ng Valladares','3046274370115@ingenieria.usac.edu.gt','3046274370115','30080545',1),(595,'Cristian Francisco Meoño Canel','3004551270101@ingenieria.usac.edu.gt','3004551270101','35174184',1),(596,'Jairo Sebastian Ramírez Palacios','2987301380101@ingenieria.usac.edu.gt','2987301380101','44657668',1),(597,'Humberto Antonio Herrador Reyes','2214940300101@ingenieria.usac.edu.gt','2214940300101','31556587',1),(598,'José Francisco de Jesús Santos Salazar','josejfss98@gmail.com','2786730901615','58131563',1),(599,'Carlos Raúl Campos Meléndez','3069000330602@ingenieria.usac.edu.gt','3069000330602','59467977',1),(600,'Carlos Agustín Ché Mijangos','car123che@gmail.com','3013216470101','45710270',1),(601,'José Alejandro Grande Marín','3019371840101@ingenieria.usac.edu.gt','3019371840101','41433676',1),(602,'Sergio Ariel Ramírez Castro','2416465290108@ingenieria.usac.edu.gt','2416465290108','52809552',1),(603,'Juan Alberto Morales Cuellar','freakxd21@gmail.com','3813535240101','57562255',1),(604,'Oscar Ernesto Morales Cuellar','oscar@tecsify.com','2993928720101','59660299',1),(605,'Héctor Augusto Ponce Aparicio','hectorponce9825@gmail.com','3007222140101','58527461',1),(606,'Oscar Alfredo Sierra Sofianos','3043251630114@ingenieria.usac.edu.gt','3043251630114','59353793',1),(607,'Derek Esquivel Díaz','3523114870101@ingenieria.usac.edu.gt','3523114870101','0',1),(608,'Alvaro Emmanuel Socop Perez','3034161730108@ingenieria.usac.edu.gt','3034161730108','57707472',1),(609,'Edwin Alexander Jax López','lopezjax76@gmail.com','32590131401','51348411',1),(610,'Kevin Steve Martinez Lemus','kevinlemus2002@gmail.com','3664028620101','59475736',1),(611,'Yury Urbano Santos Chagil','yury.santos.yul.gm@gmail.com','2093159700101','41039656',1),(612,'GErhard Benjamin Ardon Valdez','3863130160101@ingenieria.usac.edu.gt','3863130160101','47326286',1),(613,'Edwin Antonio López Ordóñez','cobolatrix@gmail.com','1585877312201','35444866',1),(614,'Brandon Mauricio Noj Romero','brandonromero1964@gmail.com','2010889240101','58799880',1),(615,'José Manuel Estrada Gutiérrez','joseesgutierrez12@gmail.com','3728527500101','35123043',1),(616,'Robin Omar Buezo Díaz','robinbuezo11@gmail.com','3384471212007','33209245',1),(617,'Víctor Hugo Jr Velázquez Hernández','velasquez99jr@gmail.com','3005417910101','47308758',1),(618,'Luis Fernando Gomez Rendon','luisfer789b@gmail.com','3004717770101','48400527',1),(619,'José Luis López Calderón','2988651650101@ingenieria.usac.edu.gt','2988651650101','50045263',1),(620,'José Manuel Lacán Chavajay','dj.jose.lacan@gmail.com','3006871170101','41828914',1),(621,'Estuardo Sebastián Valle Bances','3674647640101@ingenieria.usac.edu.gt','3674647640101','58127836',1),(622,'Jose Rodrigo Rodas Palencia','3006257070101@ingenieria.usac.edu.gt','3006257070101','50133161',1),(623,'River Anderson Ismalej Roman','riverroman1415@gmail.com','3169233891503','32871518',1),(624,'Estephanie Edelweiss Lemus Herrera','tefa.lemus@gmail.com','3004689890101','0',1),(625,'Khristian Manolo Junior Garcia Pineda','garciajuni20@gmail.com','2950889310101','56338735',1),(626,'Josué Nabí Hurtarte Pinto','3008295900101@ingenieria.usac.edu.gt','3008295900101','53439108',1),(627,'Daniel Enrique Santos Godoy','danniel.santos924@gmail.com','2832241770101','0',1),(628,'Diego Facundo Pérez Nicolau','3607834730101@ingenieria.usac.edu.gt','3607834730101','55762186',1),(629,'Jorge Mario Cano Blanco','jorge.canyto@gmail.com','3004199880101','41011665',1),(630,'José David Panaza Batres','josepanaza@gmail.com','3848221850101','55113538',1),(631,'Jennifer Anahi Vielman Monzon','anahivielman278@gmail.com','3031424800108','0',1),(632,'Neidy Aracely Flores Molina','3236875710511@ingenieria.usac.edu.gt','3236875710511','38187974',1),(633,'Paula María Sarti Turcios','3011495500101@ingenieria.usac.edu.gt','3011495500101','56278206',1),(634,'Julio Samuel Isaac Lima Donis','3042393990114@ingenieria.usac.edu.gt','3042393990114','47130082',1),(635,'Carlos Emanuel Sancir Reyes','3636514110101@ingenieria.usac.edu.gt','3636514110101','41864803',1),(636,'Nelson Andres Santa Cruz Gil','nelsonst2003@gmail.com','3014755120101','47295712',1),(637,'Carlos Javier Cox Bautista','carloscoxbau@gmail.com','3022951350101','36717973',1),(638,'Sergio Mynor David Felipe Zapeta','2375894860101@ingenieria.usac.edu.gt','2375894860101','30849793',1),(639,'Luis Emilio Rivera Yurrita','3306593081712@ingenieria.usac.edu.gt','3306593081712','58725886',1),(640,'Gerson Sebastian Quintana Berganza','gersonquintana444@gmail.com','3007630770101','47572866',1),(641,'Luis Mario Ramírez Chiquival','3498173080101@ingenieria.usac.edu.gt','3498173080101','55757460',1),(642,'Rodrigo Antonio Porón De León','3065713820401@ingenieria.usac.edu.gt','3065713820401','31165858',1),(643,'Pedro Antonio Castro Calderón','pedrocastrocal@gmail.com','2996472260101','54280821',1),(644,'Elian Angel Fernando Reyes Yac','elianreyes121@gmail.com','3065896990401','55605300',1),(645,'Estuardo Gabriel Son Mux','sonmux.estuardo@gmail.com','2986622050101','49849095',1),(646,'Alexander Salazar','alexsalaza07@gmail.com','1817571250101','59127858',1),(647,'José Ricardo Castillo Sánchezz','josericardocastillosanchez2002@gmail.com','3811733050101','47454097',1),(648,'Fabio Andre Sanchez Chavez','3003102340101@ingenieria.usac.edu.gt','3003102340101','46098703',1),(649,'Fernando Mauricio Gómez Santos','3031970130108@ingenieria.usac.edu.gt','3031970130108','46156525',1),(650,'brandon eduardo pablo garcia','3039028410110@ingenieria.usac.edu.gt','3039028410110','30822106',1),(651,'FERNANDO JOSÉ VICENTE VELÁSQUEZ','3021894750101@ingenieria.usac.edu.gt','3021894750101','59128299',1),(652,'Marvin Alexis Estrada Florian','3007201810101@ingenieria.usac.edu.gt','3007201810101','33421547',1),(653,'JONATAN RENE GONZALEZ HERNANDEZ','3005959480101@ingenieria.usac.edu.gt','3005959480101','42998951',1),(654,'hamilton hermelindo bethncourt zapeta','3021744940101@ingenieria.usac.edu.gt','3021744940101','47170782',1),(655,'Héctor Daniel Ortiz Osorio','3613502280101@ingenieria.usac.edu.gt','3613502280101','55955387',1),(656,'Yania Eszter Dávid Cadenas','3855921830108@ingenieria.usac.edu.gt','3855921830108','59645066',1),(657,'Evelyn Marisol Pumay Soy','marisolsoy10@gmail.com','3127225590416','37801925',1),(658,'José Alejandro Paz Villatoro','joseale930@gmail.com','3598220100101','35697440',1),(659,'José Andrés Montenegro Santos','3013297960101@ingenieria.usac.edu.gt','3013297960101','43748266',1),(660,'Marvin Josué Arriaga Ordoñez','josuearriaga34@gmail.com','3613755220101','58416917',1),(661,'Alfredo Nehemías Barbero Arriola','1817346050101@ingenieria.usac.edu.gt','1817346050101','59519512',1),(662,'Juan José Roberto Carranza López','2085369060101@ingenieria.usac.edu.gt','2085369060101','55944402',1),(663,'Diego Ahtohil Noj Armira','diego28shil@gmail.com','2666303670401','49485153',1),(664,'Javier Alejandro Avila Flores','floresjavier092@gmail.com','3017077070101','50115710',1),(665,'Carlos Hugo Rios Mancilla','carloshrios@gmail.com','3451978950101','59628584',1),(666,'Sergio Joel Rodas Valdez','joelrodasv2@gmail.com','3759082930101','59117514',1),(667,'Carlos Alejandro Posadas Benitez','capbenitez3@gmail.com','3004374470101','42393281',1),(668,'Luis Gabriel Lopez Polanco','3004390830101@ingenieria.usac.edu.gt','3004390830101','57510538',1),(669,'Andy Ezequiel Sanic Tiul','3021778410101@ingenieria.usac.edu.gt','3021778410101','42124879',1),(670,'José Daniel Navarro Barillas','daniejose7@live.com','3728860860114','56016620',1),(671,'Javier Alejandro Matías Guarcas','3681430070101@ingenieria.usac.edu.gt','3681430070101','51508188',1),(672,'Carlos Mauricio Blanco Valencia','carlosmaublancoval@gmail.com','3010602310101','41635015',1),(673,'Mario Alberto Ortiz Castañeda','2988711810101@ingenieria.usac.edu.gt','2988711810101','56963794',1),(674,'Werner Manuel Hernandez Bonilla','rmanuelhb1@gmail.com','2387159571213','53374130',1),(675,'Cristian Alberto Suy Mejía','cristiansuy98@gmail.com','3004917940101','30257298',1),(676,'Josue Arturo Robledo Duque','josuerobledo1010@gmail.com','2886944490101','0',1),(677,'Pedro Luis Pu Tavico','luistavico99@gmail.com','3004359830101','56181106',1),(678,'José Danie Lorenzo Ajcip','joseajcip@outlook.es','3005559700101','59401792',1),(679,'Hugo Estuardo Rosal Del Cid','1579666660101@ingenieria.usac.edu.gt','1579666660101','58649277',1),(680,'Denny Mabreth Paz Gameros','Dmabrethgameros@gmail.com','3016831070101','41639732',1),(681,'Juan José Almengor Tizol','juanjoalmengor100@gmail.com','3014663510101','51998837',1),(682,'Jonathan Eduardo Santos Letona','3004745710101@ingenieria.usac.edu.gt','3004745710101','36135355',1),(683,'José Andrés López Pineda','feriafansomega@gmail.com','3004273360101','46056650',1),(684,'Caren Elizabeth Garcia Perez','gelizabeth130@gmail.com','2988690200101','35227445',1),(685,'Luis Enrique Patal Ajzac','luisenrique380@gmail.com','2468058540407','0',1),(686,'Doni Esau Sican Tepeu','donisican@gmail.com','3037600600110','34148443',1),(687,'Javier Alejandro Gutierrez de León','3024021520101@ingenieria.usac.edu.gt','3024021520101','42543549',1),(688,'María Julissa García Morán','3037573450110@ingenieria.usac.edu.gt','3037573450110','0',1),(689,'Pablo Jose Vasquez Amaya','pablojo2002@gmail.com','2987161350101','30041880',1),(690,'Maynor Octavio Piló Tuy','mopt668@gmail.com','3108908020701','38522497',1),(691,'Maria Paola Guadalupe Dávila Valenzuela','3009243720101@ingenieria.usac.edu.gt','3009243720101','35708385',1),(692,'Leonel Antonio González García','gonzalezleonel1098@gmail.com','3636192320115','37328289',1),(693,'Dyllan José Rodrigo García Mejía','dyllangm193@gmail.com','3058184570301','43362920',1),(694,'Alejandro René Caballeros González','alejandro.rcg@gmail.com','2983170950101','0',1),(695,'Jorge Isaac Xicol Vicente','3628670540101@ingenieria.usac.edu.gt','3628670540101','42775296',1),(696,'Brandon Orlando Seijas Morales','3612179780101@ingenieria.usac.edu.gt','3612179780101','51288509',1),(697,'Henri Eduardo Martínez Duarte','3003876950101@ingenieria.usac.edu.gt','3003876950101','47884268',1),(698,'Diego Aldair Sajche Avila','sajche98@gmail.com','3011869790101','35293068',1),(699,'Gerson Aaron Quinia Folgar','gesonquinia202@gmail.com','3007638160101','58481754',1),(700,'Tanya Alexandra Lopez Granados','3003600450101@ingenieria.usac.edu.gt','3003600450101','51297015',1),(701,'Juan Pablo Martinez Castellanos','juanmc222.jm@gmail.com','3755364770101','30858480',1),(702,'Mauricio Stuardo Ruano Hernandez','2885369160101@ingenieria.usac.edu.gt','2885369160101','35416632',1),(703,'Wylson Enrique Esquivel Cuy','2070817940116@ingenieria.usac.edu.gt','2070817940116','35752210',1),(704,'Adolfo Francisco Lopez Cuzco.','2683023830109@ingenieria.usac.edu.gt','2683023830109','46934760',1),(705,'Benjamin Alexander Torcelli Barrios','3013606690101@ingenieria.usac.edu.gt','3013606690101','53589557',1),(706,'Luis Carlos de León Torón','luisdelt2000@outlook.com','3637590850101','46327214',1),(707,'Jose Eduardo Morales Garcia','edushowy@gmail.com','2438411080101','40165923',1),(708,'Néstor Enrique Villatoro Avendaño','3014408320101@ingenieria.usac.edu.gt','3014408320101','31778519',1),(709,'Juan Pablo Gonzalez Leal','2986910430101@ingenieria.usac.edu.gt','2986910430101','33750016',1),(710,'Surama De Jesús Lorenzana Lorenzana','3025881320103@ingenieria.usac.edu.gt','3025881320103','48771041',1),(711,'Yesus Rudy Espinoza Pivaral','1621671130101@ingenieria.usac.edu.gt','1621671130101','58402892',1),(712,'Evelin Yamileth Chacón Arana','yamiletheve6@gmail.com','3125114690415','42453045',1),(713,'Roberto Andres Juárez Sandoval','3611006470101@ingenieria.usac.edu.gt','3611006470101','31740440',1),(714,'Josseline Suseth Godinez Garcia','susethgg@gmail.com','3000822740101','54205719',1),(715,'William Orlando Ambrocio Ardiano','2593279721226@ingenieria.usac.edu.gt','2593279721226','54547532',1),(716,'Ariel Josué López Gálvez','3729133770101@ingenieria.usac.edu.gt','3729133770101','51392379',1),(717,'Engel Emilio Coc Raxjal','3113837500409@ingenieria.usac.edu.gt','3113837500409','36054829',1),(718,'Francisco Magdiel Asicona Mateo','magdielasicona@gmail.com','3275257541405','30063089',1),(719,'Pablo Javier Batz Contreras','pjb.contreras@gmail.com','2992596760101','51890932',1),(720,'Daniel Estuardo Salvatierra Macajola','3512949530101@ingenieria.usac.edu.gt','3512949530101','42401055',1),(721,'Celia Gabriela Santay Martínez','mgaby01@outlook.es','3006434700101','51395166',1),(722,'Cecilia Judith Dieguez Solis','3003044390101@ingenieria.usac.edu.gt','3003044390101','57407461',1),(723,'Pablo Andres Rodriguez Lima','3014214630101@ingenieria.usac.edu.gt','3014214630101','51120845',1),(724,'Marcos Arnoldo Itzep Ixmay','3077567260805@ingenieria.usac.edu.gt','3077567260805','42278167',1),(725,'Carlos Javier Pérez Pocón','jperezpocon10@gmail.com','3046783760115','55919302',1),(726,'Emerson Jeremias López Sánchez','emersonlopez51@gmail.com','3029810980108','45777861',1),(727,'Brandon Antonio Hernandez de Leon','2999542930101@ingenieria.usac.edu.gt','2999542930101','37444739',1),(728,'Erick Antonio Valenzuela Rivas','2735229490101@ingenieria.usac.edu.gt','2735229490101','47707329',1),(729,'Adin Cosme Misael Velásquez Reyes','adinvelazquez2@gmail.com','3408048151415','33270764',1),(730,'Marco Fernando Cruz Mendoza','3052284550203@ingenieria.usac.edu.gt','3052284550203','42559295',1),(731,'Marco Antonio Xocop Roquel','1810542480404@ingenieria.usac.edu.gt','1810542480404','55315980',1),(732,'Federico David Zet Pajoc','fede88662@gmail.com','3035992350110','40118168',1),(733,'Juan Pedro Valle Lema','juanpedrovallelema@gmail.com','3602357860101','31647527',1),(734,'Valery Nicolle Gálvez García','3636414590101@ingenieria.usac.edu.gt','3636414590101','53582156',1),(735,'Carlos Manuel Lima y Lima','3009368850101@ingenieria.usac.edu.gt','3009368850101','45659122',1),(736,'Alan Estuardo Sacalxot Tacán','alan.tacan22@gmail.com','3672380470101','51526536',1),(737,'Bryan Steve Choc Cuteres','bryanbscc22@gmail.com','3002797520101','41217461',1),(738,'Allan Estuardo Sitán Bor','2989966420101@ingenieria.usac.edu.gt','2989966420101','58422532',1),(739,'Carmen Areli Haydee Garcia Gutierrez','1572836070101@ingenieria.usac.edu.gt','1572836070101','56205957',1),(740,'Luis Manuel Chay Marroquín','3154826051301@ingenieria.usac.edu.gt','3154826051301','54527328',1),(741,'Cristian Daniel Gómez Escobar','3046751560115@ingenieria.usac.edu.gt','3046751560115','46192667',1),(742,'Damaris Julizza Muralles Véliz','3651138080101@ingenieria.usac.edu.gt','3651138080101','45440555',1),(743,'Christopher Miguel Angel Ramos Ascencio','3312427451801@ingenieria.usac.edu.gt','3312427451801','47682061',1),(744,'Carlos Antonio Velasquez Castellanos','charlyforce1695@gmail.com','2719025310101','41390149',1),(745,'Daniel Abraham Gálvez Solorzano','galvezdaniel777@gmail.com','3613816540101','58161575',1),(746,'JOSE FERNANDO RECINOS ACUTE','2086090400101@ingenieria.usac.edu.gt','2086090400101','41821170',1),(747,'Melvin Jose Pac Bamac','3367975400919@ingenieria.usac.edu.gt','3367975400919','58400462',1),(748,'Katherine Lisset Hernández Rodrgiuez','katyhernandezr021@gmail.com','3000277450101','58153529',1),(749,'Edison Mauricio García Rodríguez','eg57485@gmail.com','3292719381105','54377396',1),(750,'Dionicio Darío Simón Bal','2201058550404@ingenieria.usac.edu.gt','2201058550404','54814730',1),(751,'Julio Alejandro Zaldaña Ríos','2952736070101@ingenieria.usac.edu.gt','2952736070101','55709530',1),(752,'Cesar Augusto Lopez de Leon','cesarlo92deleon@gmail.com','3013895190101','30054175',1),(753,'Henry Alexander García Montúfar','1998056600411@ingenieria.usac.edu.gt','1998056600411','35401761',1),(754,'Brandon Oswaldo Yax Campos','brandon14yax@gmail.com','3043441920114','40374095',1),(755,'Erick Javier Arrivillaga Chún','2994725740101@ingenieria.usac.edu.gt','2994725740101','42343539',1),(756,'Diego René Molina Roldan','di3gini3094@gmail.com','2417700840101','59676009',1),(757,'Humberto Andres Perez Robledo','and.dres2294@gmail.com','2347781721207','33199153',1),(758,'Widvin Josué Quiñónez Diaz','3456925001307@ingenieria.usac.edu.gt','3456925001307','53718214',1),(759,'Elder Estuardo García Pacheco','2812170410109@ingenieria.usac.edu.gt','2812170410109','50079657',1),(760,'Luis Pedro Pérez Monzón','3008387860101@ingenieria.usac.edu.gt','3008387860101','0',1),(761,'Andrea Alejandra Pérez Sandoval','3412885002102@ingenieria.usac.edu.gt','3412885002102','37092166',1),(762,'Helen Janet Rodas Castro','3030360790108@ingenieria.usac.edu.gt','3030360790108','56355329',1),(763,'Karen Faviola Ramos Dávila','faviola14ramos@gmail.com','3004739740101','47384115',1),(764,'Julio José Orellana Ruíz','julioseorellana@gmail.com','3054528190207','33987450',1),(765,'Rodolfo Eduardo Zenteno Gregorio','rzenten29@gmail.com','3370352880920','38136959',1),(766,'Kelly Zuceth Gutiérrez Velásquez','2993495510101@ingenieria.usac.edu.gt','2993495510101','56295527',1),(767,'Henderson Migdo Baten Hernandez','2089688060906@ingenieria.usac.edu.gt','2089688060906','32802031',1),(768,'Sara Paulina Medrano Cojulún','3705045690101@ingenieria.usac.edu.gt','3705045690101','59370879',1),(769,'Gary Alexander Josue Aju Chuta','garyaju@gmail.com','3116363810704','54802987',1),(770,'Gabriela Lizbeth Garcia Perez','perezgaby490@gmail.com','3847742290108','47640589',1),(771,'Cesar Leonel Chamale Sican','cesarchamalesican@gmail.com','3035178400110','31482997',1),(772,'Allán Denilson Cardona Santos','allancardona2000@gmail.com','3004995740101','30568490',1),(773,'Rodrigo Emanuel Mérida Alvarado','loudeligo@gmail.com','3159539691301','46688416',1),(774,'Brian Antonio Hernandez Gil','3031008500108@ingenieria.usac.edu.gt','3031008500108','31818746',1),(775,'Oliver David Conde Tum','2992907430101@ingenieria.usac.edu.gt','2992907430101','37438283',1),(776,'Josseline Griselda Montecinos Hernández','3010008160101@ingenieria.usac.edu.gt','3010008160101','51226989',1),(777,'Fernando Alberto Ambrosio Alemán','Ferambrosio1809@gmail.com','3001052740101','0',1),(778,'Denis Gudiel Pac Bamac','denisgudiel2002@gmail.com','3368021880919','59261273',1),(779,'Diego René Chen Teyul','2918388471601@ingenieria.usac.edu.gt','2918388471601','45900536',1),(780,'Isai Eliezer Magdiel Molina Guevara','2868763450101@ingenieria.usac.edu.gt','2868763450101','55389874',1),(781,'Ana Maria Batén López','anybaten@gmail.com','2720240740101','54281019',1),(782,'Karina Nohemi Ramirez Orellana','ramirezkarina446@gmail.com','3044096850114','0',1),(783,'Elena Isabel Guzmán Morales','Isabelguzmanbi@gmail.com','3449669330101','54019622',1),(784,'Anderson Gerardo Zuleta Galdamez','gerardo.zuleta15@gmail.com','2988599040108','0',1),(785,'Marvin Eduardo Catalán Véliz','marvineduardocv12@gmail.com','3026773130104','30758834',1),(786,'Julio Roberto García Escalante','3300473961201@ingenieria.usac.edu.gt','3300473961201','51337739',1),(787,'Angel David Torcelli Barrios','angeltorcelli98@gmail.com','3002892430101','42285178',1),(788,'Yonathan Alexander Hernandez Satz','3065721840401@ingenieria.usac.edu.gt','3065721840401','46547645',1),(789,'Karen Lisbeth Morales Marroquin','krenmoraleja@gmail.com','3638451000101','0',1),(790,'Jairo Josue Gomez Reyes','jairo.gr0112@gmail.com','3012485590101','48583730',1),(791,'Pedro Martin Francisco','2574151141308@ingenieria.usac.edu.gt','2574151141308','46664955',1),(792,'Ramiro Solorzano Quintana','3007556190101@ingenieria.usac.edu.gt','300755619010','42098557',1),(793,'Pablo Andrés Axpuac Arévalo','2907711880101@ingenieria.usac.edu.gt','2907711880101','54308887',1),(794,'Nataly Sarai Guzman Duarte','3019247320101@ingenieria.usac.edu.gt','3019247320101','45144796',1),(795,'Esdras Benjamin Cotto Revolorio','2235063620601@ingenieria.usac.edu.gt','2235063620601','0',1),(796,'Josue Antonio Cux Barrientos','jacuxacelaracion@gmail.com','2994925750101','55596956',1),(797,'Derick Eduardo Mazariegos Cobar','3855966770101@ingenieria.usac.edu.gt','3855966770101','38369749',1),(798,'Victor Andres Estrada Eguizabal','2995339990101@ingenieria.usac.edu.gt','2995339990101','42431754',1),(799,'Dilan Conaher Suy Miranda','dilansuy24@gmail.com','2919095070101','41213403',1),(800,'Daniel Eduardo Mellado Ayala','2131806180101@ingenieria.usac.edu.gt','2131806180101','41419011',1),(801,'Darlin Yudit Cabinal Garcia','3000293490101@ingenieria.usac.edu.gt','3000293490101','51816050',1),(802,'Evelyn Priscilla Carrillo Gutierrez','priscy.carrillo42@gmail.com','2991226700101','0',1),(803,'Keila Avril Vilchez Suarez','3006560840101@ingenieria.usac.edu.gt','3006560840101','0',1),(804,'Jason Emanuel Arizandieta Guerrero','3661478700115@ingenieria.usac.edu.gt','3661478700115','51699848',1),(805,'Ana Isabel Culajay Gonzalez','anaisabelculajay@gmail.com','2998986600101','0',1),(806,'Ramiro Agustín Télles Carcuz','yenyogamer290@gmail.com','3057252030301','202010044',1),(807,'Edwin Manuel enrique López Linares','edwinlopezjr98@gmail.com','3006713930101','58516865',1),(808,'Carlos Estuardo Monterroso Santos','3012915270101@ingenieria.usac.edu.gt','3012915270101','38638348',1),(809,'Harold Estuardo Guerra Barillas','313910650501@ingenieria.usac.edu.gt','3139106850501','42001476',1),(810,'Oscar Alfredo Pérez Cifuentes','2991323820101@ingenieria.usac.edu.gt','2991323820101','42539247',1),(811,'Jaime Alejandro Armira Us','alejoarmira@gmail.com','1764988500401','59583189',1),(812,'Jonathan Marcos Valiente González','3133664700901@ingenieria.usac.edu.gt','3133664700901','0',1),(813,'Jairo Adelso Gomez Hernandez','2993206770101@ingenieria.usac.edu.gt','2993206770101','36408805',1),(814,'Leonel Fernando Avila conde','1922019210101@ingenieria.usac.edu.gt','1922019210101','46026709',1),(815,'Marco Sebastian Solares España','sebastiansolares200@gmail.com','3017033530101','40936183',1),(816,'Astrid Vanesa Kim Ortiz','Astrid2003kimp@gmail.com','3015364140101','56123298',1),(817,'Sophia Berenice Salguero Aguilar','sophia.salgueroa@gmail.com','2787973850101','41010848',1),(818,'Brayan Alexander Mejia Barrientos','b.alex.mejia@gmail.com','3005970020101','53623676',1),(819,'André Joaquin Ortega De Paz','3191363100501@ingenieria.usac.edu.gt','3191363100501','55381782',1),(820,'Angel Francisco Sique Santos','3555772080101@ingenieria.usac.edu.gt','3555772080101','56608007',1),(821,'Heidy Beatriz Miranda Gamez','2995217020101@ingenieria.usac.edu.gt','2995217020101','41211205',1),(822,'Luis Eduardo Monroy Pérez','luis2611999@gmail.com','2991163360101','54290841',1),(823,'Kenneth Isai Aquino Ortiz','Kennethaquino33@gmail.com','3942492320101','46685912',1),(824,'Sebastian Alejandro Vásquez Cartagena','sebas.vasquez101@gmail.com','3010299380101','32307110',1),(825,'Wilson Fernando Barrientos Quiroa','barrientosw0@gmail.com','3025951040103','49918564',1),(826,'Cristian Aramis Lopez Bautista','cristianlb160@gmail.com','3304787371202','54871988',1),(827,'Erick Abdul Chacón Barillas','robertchac75@gmail.com','3508630320101','37742547',1),(828,'Axel joel mijangos molina','Axel.0mijangos1@gmail.com','3730453280101','33766505',1),(829,'Luis Enrique Garcia Gutierrez','luisgagu9@gmail.com','3045905330115','43593539',1),(830,'Alberto Gabriel Reyes Ning','Agrn96p@gmail.com','3001554250101','48733445',1),(831,'Keitlyn Valentina Tunchez Castañeda','2986847560101@ingenieria.usac.edu.gt','2986847560101','31141258',1),(832,'Harold Alejandro Sánchez Hernández','eduharold01@gmail.com','3074441040602','53782674',1),(833,'David Abraham Noriega Zamora','Dabrahamnz02@gmail.com','3023673810101','55646028',1),(834,'Angel Enrique Alvarado Ruiz','2988764180101@ingenieria.usac.edu.gt','2988764180101','50368520',1),(835,'Lesly Sucely Carías Dávila','leslycarias2003@gmail.com','2988491860101','32720656',1),(836,'Jorge Rustrian','Jorgerustrian7@protonmail.com','3014920690101','54290343',1),(837,'Samuel Alejandro de León Maldonado','samueldeleon2318@gmail.com','2933704001201','53467163',1),(838,'Paulo Fernando Merida Salazar','2996405070101@ingenieria.usac.edu.gt','2996405070101','59371710',1),(839,'Byron Andrés Ovalle Flores','byron.ovallee@gmail.com','3610399800101','55757981',1),(840,'Kevin Andres Alvarez Herrera','3871081810101@ingenieria.usac.edu.gt','3871081810101','36475037',1),(841,'Alvaro Esaú Arenas González','earenas665@gmail.com','3066851080601','31070785',1),(842,'Erick Enrique González Chávez','erickcha2199@gmail.com','3055905100301','49087375',1),(843,'Denis Augusto Coronado Calderón','3605689200101@ingenieria.usac.edu.gt','3605689200101','36070698',1),(844,'Rebeca Ayline Torres Del Cid','rebektorres03@gmail.com','3429168312207','41000339',1),(845,'Sheila Elizabeth Amaya Rodríguez','2851326790117@ingenieria.usac.edu.gt','2851326890117','46609099',1),(846,'Gerber Emerson Ordoñez Tucubal','3085666020404@ingenieria.usac.edu.gt','3085666020404','53467019',1),(847,'Angely Naomi Marroquin Tapaz','3603870200101@ingenieria.usac.edu.gt','3603870200101','40218170',1),(848,'Carlos David De León Barrios','3667687780101@ingenieria.edu.usac.gt','3667687780101','45122559',1),(849,'Maria Fernanda Choc Choc','3637504440101@ingenieria.usac.edu.gt','3637504440101','50071589',1),(850,'Javier Andrés Monjes Solórzano','javiermonjesnuevo@gmail.com','3020696740101','30165752',1),(851,'Angely Lucrecia García Martínez','gmartinez.angely@gmail.com','3628633420101','41769425',1),(852,'Samuel Nehemías Coyoy Perez','samuel200344@gmail.com','3825513540101','58221309',1),(853,'Alexander Omar Cruz Ramirez','alexander.mirez@gmail.com','2989331010101','58297258',1),(854,'Dayana Alejandra Reyes Rodríguez','3533294870101@ingenieria.usac.edu.gt','3533294870101','45939251',1),(855,'Marco Alexander de León Hernández','marcodeleonh@gmail.com','2996628290101','49620852',1),(856,'Steven Facundo Mejía Xolop','facundo25mejia@gmail.com','3599878850101','40822183',1),(857,'Erick Eduardo Garrido Vásquez','eduardo122927@gmail.com','3661478540115','33480286',1),(858,'Albertt Wosvelí Itzep Raymundo','alberttitzep123@gmail.com','2997635280101','41804614',1),(859,'Ximena Isabella Roca Guillén','Isabellaroca.i.r@gmail.com','3430626822212','41810405',1),(860,'Ana Denisse Figueroa Marroquín','dennikyo@gmail.com','3217227281601','35249001',1),(861,'Angel Geovanny Ordón Colchaj','angelordon01@gmail.com','3006613200101','47410132',1),(862,'Hugo Sebastian Martínez Hernández','hugo.kio40@gmail.com','2070707090116','55262894',1),(863,'Tomás Alexander Morales Saquic','tams.morales@hotmail.com','3269573241402','57129648',1),(864,'Roberto Miguel García Santizo','rgarciasantizo@gmail.com','3008431000101','36796243',1),(865,'Carlos Josué Calderón Cabrera','carloscalderon826@gmail.com','2311490180101','53804289',1),(866,'Álvaro Humberto García Olivarez','2321399700101@ingenieria.usac.edu.gt','2321399700101','58030610',1),(867,'Zenaida Irazema Chacón García','3016759880101@ingenieria.usac.edu.gt','3016759880101','40764447',1),(868,'Carlos Alfredo Barrientos López','carlos.barrientoslopez05.11@gmail.com','3016130280101','55670111',1),(869,'Eduardo René Agustin Mendoza','rene.agus67@gmail.com','3006840880101','41194827',1),(870,'Roberto Carlos Gómez Donis','3360774911701@ingenieria.usac edu.gt','3360774911701','54596718',1),(871,'David Emanuel Monterroso Mox','damonterroso18@gmail.com','3703670300101','39578407',1),(872,'José Manuel Ibarra Pirir','3007542210101@ingenieria.usac.edu.gt','3007542210101','49507431',1),(873,'Luis David García Alay','luisforreverr@gmail.com','3019252320101','33703521',1),(874,'Jose Fernando Alvarez Morales','j.f.alvarezmorales@gmail.com','3010653490101','35219722',1),(875,'Rony Ormandy Ortiz Alvarez','3101716790614@ingenieria.usac.edu.gt','3101716790614','59265554',1),(876,'Jeffrey Daniel Mejia solis','yejeffrey1609@gmail.com','3792152920101','46177946',1),(877,'Joaquin Emmanuel Aldair Coromac Huezo','jeach.27@gmail.com','3658279400101','35530751',1),(878,'sheila Elizabeth amaya rodríguez','amayasheila63@gmail.com','2951326790117','46609099',1),(879,'Enrique Fernando Gaitán Ibarra','fi94457@gmail.com','3011233730101','49900123',1),(880,'Luis Fernando Falla Guzmán','f3rguz98@gmail.com','2992202650101','51700088',1),(881,'Josue Rolando Gramajo Roldan','3021021080101@ingenieria.usac.edu.gt','3021021080101','0',1),(882,'Christtopher Jose Chitay Coutino','ccristoferjose@gmail.com','2142627070103','0',1),(883,'Eduardo Josué González Cifuentes','edujosgonzalezc@gmail.com','2993815280101','42770312',1),(884,'Kevin Alejandro Sánchez Samayoa','2318153440101@ingenieria.usac.edu.gt','2318153440101','42220709',1),(885,'Juan Diego Alvarado Salguero','2998050930101@ingenieria.usac.edu.gt','2998050930101','57099747',1),(886,'Sergie Daniel Arizandieta Yol','3000523830101@ingenieria.usac.edu.gt','3000523830101','41352740',1),(887,'Luis Antonio Castro Padilla','3016250180101@ingenieria.usac.edu.gt','3016250180101','55754290',1),(888,'Brian Emmanuel Riad Matus Colocho','brianmatus98@gmail.com','3017284020101','41287581',1),(889,'Oscar Rene Rodriguez Vasquez','cocacore7@gmail.com','3005642280101','59571227',1),(890,'Fernando Misale Morales Ortiz','fernandomorales4743@gmail.com','3157182341309','55986888',1),(891,'Josue David Porres Gomez','jdporresg@gmail.com','3524056350101','54170520',1),(892,'Camilo Ernesto Sincal Sipac','3107320340407@ingenieria.usac.edu.gt','3107320340407','46611201',1),(893,'Walter Gustavo Cotí Xalin','wgustavocoti@gmail.com','3064960620401','41334900',1),(894,'Bryant Herrera Rubio','Mrbryant1996@gmail.com','2988707890101','42126866',1),(895,'Luis Eduardo De León Pacheco','luisdu.pacheco@gmail.com','3492247490101','30607380',1),(896,'Julio Enrique Wu Chiu','2990670840101@ingenieria.usac.edu.gt','2990670840101','34245504',1),(897,'Josué Rodolfo Morales Castillo','3022928020101@ingenieria.usac.edu.gt','3022928020101','32236179',1),(898,'Mateo Estuardo Diego Noriega','3154436181301@ingenieria.usac.edu.gt','3154436181301','41059725',1),(899,'José Manuel López Lemus','josesitoloprz@gmailcom','3013781500101','30459341',1),(900,'Douglas Alexander Soch Catalán','sochdouglas1623@gmail.com','3008474750101','49490296',1),(901,'Heinz Ricardo Gómez Galindo','1610146581101@ingenieria.usac.edu.gt','1610146581101','42233228',1),(902,'Eduardo Alexander Reyes Gonzalez','3013805890101@ingenieria.usac.edu.gt','3013805890101','35958027',1),(903,'Angel Geovany Aragón Pérez','angelaragon130@gmail.com','2870213350101','32457355',1),(904,'Jonathan Alexander Alvarado Fernández','3007527170101@ingenieria.usac.edu.gt','3007527170101','33820007',1),(905,'Diego Fernando Debroy Salazar','3015468780101@ingenieria.edu.gt','3015468780101','41158680',1),(906,'Oscar Augusto Perez Tzunun','oscar.6293@gmail.com','2298353760101','51138518',1),(907,'Gerardo Steve Muñoz Contreras','3004636930101@ingenieria.usac.edu.gt','3004636930101','40804453',1),(908,'Enrique Alejandro Pinula Quiñonez','enrique.pinula@gmail.com','3525039390101','0',1),(909,'Eddy Fernando Díaz Galindo','3044397700114@ingenieria.usac.edu.gt','3044397700114','35517835',1),(910,'Estrellita Guadalupe Armas Monroy','2271336840101@ingenieria.usac.edu.gt','2271336840101','42176102',1),(911,'Elvis Joseph Vasquez Villatoro','3764118640101@ingenieria.usac.edu.gt','3764118640101','0',1),(912,'Rodolfo Alexander Avalos Soto','3032801820108@ingenieria.usac.edu.gt','3032801820108','59534735',1),(913,'Diego Alejandro Martinez Garcia','3042499630114@ingenieria.usac.edu.gt','3042499630114','48804633',1),(914,'Allan Josué Gómez Cún','allantime72@gmail.com','2821070450404','56210941',1),(915,'Sergio Estuardo Guix Manuel','2992657570101@ingenieria.usac.edu.gt','2992657570101','55691255',1),(916,'Wilson Kevin Javier Chávez Cabrera','3016980070101@ingenieria.usac.edu.gt','3016980070101','42808267',1),(917,'Jimena Alejandra Cabrera Rosito','ajcrosito@gmail.com','3013966980101','57692116',1),(918,'Pedro Rolando Ordoñez Carrillo','pedro.ordoniez@gmail.com','3005952390101','34805374',1),(919,'Marjorie Gissell Reyes Franco','rmarjoriee71@gmail.com','3727045650101','0',1),(920,'CRISTIAN NOE AXPUAC ASPUAC','2792947860301@ingenieria.usac.edu.gt','2792947860301','49819248',1),(921,'Esteban Humberto Valdez Ennati','estebanvaldez4558@gmail.com','3640620020101','58488218',1),(922,'Eduardo Antonio Reyes Pineda','2829787710301@ingenieria.usac.edu.gt','2829787710301','49981488',1),(923,'Fatima Maybeth Gramajo Paiz','3722935490101@ingenieria.usac.edu.gt','3722935490101','59619516',1),(924,'Frederick Jonathan Faugier Pinto','2993629300101@ingenieria.usac.edu.gt','2993629300101','33237477',1),(925,'Steven Josue González Monroy','stevengonzalez088@gmail.com','3026416610103','42244344',1),(926,'Erwin Fernando Vásquez Peñate','3530939710101@ingenieria.usac.edu.gt','3530939710101','47122242',1),(927,'Diana Magaly Fuentes Garcia','3005547100101@ingenieria.usac.edu.gt','3005547100101','35792429',1),(928,'Piter Angel Esaú Valiente de León','3054635940207@ingenieria.usac.edu.gt','3054635940207','35022255',1),(929,'Franklin Orlando Noj Pérez','master11frank@gmail.com','3110022770701','32267224',1),(930,'Luis Roberto Boror Yoc','10luisb@gmail.com','2317546470101','58325010',1),(931,'Sergio Jair Recinos Recinos','3386348432009@ingenieria.usac.edu.gt','3386348432009','41997729',1),(932,'Oscar David Padilla Vásquez','opadilla2015ig@gmail.com','3645303590101','50164433',1),(933,'Eduardo Ismael Llamas Calderón','2411630720101@ingenieria.usac.edu.gt','2411630720101','42163413',1),(934,'Cristian Daniel Raguay Vicente','cristianraguay14@gmail.com','3045208880114','33493205',1),(935,'Kelly Mischel Herrera Espino','3416152852103@ingenieria.usac.edu.gt','3416152852103','0',1),(936,'Sebastián Elgueta Ibarra','3007480000101@ingenieria.usac.edu.gt','3007480000101','57421244',1),(937,'Juan Pablo García Ceballos','jpgarciaceballos@gmail.com','3730058490309','42147646',1),(938,'José Valerio Choc Mijangos','2989305360101@ingenieria.usac.edu.gt','2989305360101','0',1),(939,'José Alejandro Orozco Alfaro','3681618110101@ingenieria.usac.edu.gt','3681618110101','36957415',1),(940,'Andres Eduardo Pontaza Muralles','andres.pontaza@gmail.com','30026507701','0',1),(941,'Estephanie Alejandra Ruiz Perez','2994440740101@ingenieria.usac.edu.gt','2994440740101','59536837',1),(942,'Jorge Antonio Pérez Ordóñez','3004272120101@ingenieria.usac.edu.gt','3004272120101','56347131',1),(943,'KEVIN MANUEL VELIZ GALVEZ','proyectoveliz@gmail.com','3033872890108','33098383',1),(944,'Saul Andre Cerezo Taracena','3643993410101@ingenieria.usac.edu.gt','3643993410101','46034164',1),(945,'Pakal B\'alam Rodriguez Espantzay','pakalrod@gmail.com','3090585030406','40234187',1),(946,'José Luis Agustín Lopez','2131790830108@ingenieria.usac.edu.gt','2131790830108','55900293',1),(947,'Olivert Herlindo Vargas Contreras','herlindovargas@gmail.com','2962940630101','46123594',1),(948,'Sebastián Alejandro de León Tenaz','Sebascss22@gmail.com','3006554010101','42058019',1),(949,'Daniel Eduardo Izas Marroquin','daniizas97@gmail.com','2727532460101','49652174',1),(950,'Cristina sosof hermandez','sosofcristina4@gmail.com','2652546390719','36564130',1),(951,'Angel Isaias Mendoza Martinez','angelisaias27112000@gmail.com','a06147474','55663444',1),(952,'Kevin Rodrigo Carrillo Andrino','Kevinaz1234carrillo@gmail.com','3617049760101','35590881',1),(953,'Mario Yonathan Tun Quino','oriamnut09@gmail.com','3107142060701','0',1),(954,'Saul Esteban Castellanos Ubeda','saulcastel018@gmail.com','3005134370101','0',1),(955,'Cristian Fernando Hernandez Tello','chtello05@gmail.com','3007096330101','55126811',1),(956,'Daniel Rolando Sotz Alvarado','3466819440901@ingenieria.usac.edu.gt','3466819440901','53109286',1),(957,'Victor Abdiel Lux Juracán','3031591380108@ingenieria.usac.edu.gt','3031591380108','35249186',1),(958,'Jimmy Daniel Larios Martínez','2993047280101@ingenieria.usac.edu.gt','2993047280101','30421075',1),(959,'Luis Fernando Culajay Sandoval','luisfecs12@gmail.com','3548487470101','58256587',1),(960,'Diego Enrique Arriaga Meléndez','3017419640101@ingenieria.usac.edu.gt','3017419640101','42179142',1),(961,'Katherinne Gabriela Gómez Marroquin','3010587170101@ingenieria.usac.edu.gt','3010587170101','0',1),(962,'Gerson Oswaldo Ruíz Ramírez','geros9912@gmail.com','3017825710101','56889946',1),(963,'marvin obidio perez larios','marvin31jp@gmail.com','2853534460904','33394956',1),(964,'Luis Rafael Méndez Livar','3062395230311@ingenieria.usac.edu.gt','3062395230311','48262291',1),(965,'LUIS ALBERTO LOPEZ MALDONADO','2204625930108@ingenieria.usac.edu.gr','2204625930108','41522977',1),(966,'Susana Paola González Contreras','susipaolagc@gmail.com','3777305990101','43063226',1),(967,'Saúl Jafet Menchú Recinos','3806336630101@ingenieria.usac.edu.gt','3806336630101','42939424',1),(968,'Hugo Daniel Giron Garcia','3056736960301@ingenieria.usac.edu.gt','3056736960301','52235599',1),(969,'Ocsael Neftalí Ramírez Castillo','ocsaelr@gmail.com','2329889511218','53546337',1),(970,'Jorge Sebastian Zamora Polanco','jorgesebastianz53@gmail.com','3046486980115','40188925',1),(971,'Madeline Ariana Pérez Quiñónez','arianaperezq@gmail.com','3062932420313','55439546',1),(972,'Yeinny Melissa Catalán de León','3017261750101@ingenieria.usac.edu.gt','3017261750101','56992893',1),(973,'Kevin Estuardo Secaida Molina','tarosecaida@gmail.com','300192029010','35124656',1),(974,'Axel Eli Calderon Barrientos','1usaclex@gmail.com','3011004890101','42610313',1),(975,'Miguel Angel Estrada Cifuentes','migue.estcif@gmail.com','3004563440101','40047229',1),(976,'Katherinne Claire Axpuac Hernández','2846529970101@ingenieria.usac.edu.gt','2846529970101','30139615',1),(977,'Diego Andres Huite Alvarez','3023135080101@ingenieria.usac.edu.gt','3023135080101','51202011',1),(978,'Rodrigo Estuardo Orellana Ordóñez','3045930010115@ingenieria.usac.edu.gt','3045930010115','41893992',1),(979,'Raudy David Cabrera Contreras','raudyc@gmail.com','3010833980101','46293925',1),(980,'EDUARDO ABRAHAM BARILLAS DEL AGUILA','3024272360102@ingenieria.usac.edu.gt','3024272360102','0',1),(981,'Kevin José de la Cruz Girón','kevin.delacruzgiron0@gmail.com','3611696550101','49714071',1),(982,'Wendi Paulina Vicente Pérez','3005923960101@ingenieria.usac.edu.gt','3005923960101','51708882',1),(983,'Diego Abraham Robles Meza','2993323220101@ingenieria.usac.edu.gt','2993323220101','49789416',1),(984,'Juan Pablo Noj Espinoza','2496270190101@ingenieria.usac.edu.gt','2496270190101','44809480',1),(985,'Gabriela Cristina Chávez López','gabrielachavez03@Gmail.com','2335280620101','57497151',1),(986,'Ingrid Lorena Garcia Yantuche','3032882800108@ingenieria.usac.edu.gt','3032882800108','32224377',1),(987,'Diego Alejandro Juarez Bran','dialjub19@gmail.com','2999943920101','54813828',1),(988,'SELVIN ORLANDO HERNANDEZ YUMAN','2112217590301@ingenieria.usac.edu.gt','2112217590301','42668619',1),(989,'Daniel Monterroso','Cdanym@gmail.com','30014550101','57654609',1),(990,'José Abraham Solórzano Herrera','abraham81423@gmail.com','3033199330108','30032235',1),(991,'Oscar Roberto Velasquez Leon','oskr67@gmail.com','3005881350101','54276865',1),(992,'LUIS DANIEL SALÁN LETONA','3007178220101@ingenieria.usac.edu.gt','3007178220101','0',1),(993,'Ariel Rubelce Macario Coronado','arielmacario.11@gmail.com','2070692040116','32318906',1),(994,'Sohany Ayleen López Salazar','sohalopez.slz@gmail.com','2997239680101','42960089',1),(995,'Maxwellt Joel Ramírez Ramazzini','maxwelltjrr99@gmail.com','3046025070115','56211420',1),(996,'Allen Giankarlo Román Vásquez','algirova@gmail.com','2909080001301','58452121',1),(997,'Karen Michelle Gatica Arriola','karen.gatica13@gmail.com','2787943860101','35513591',1),(998,'Daniel Alejandro Barillas Soberanis','Dabs2000ba@gmail.com','2997420160101','59424942',1),(999,'José Manuel Del cid Vasquez','3090807970609@ingeniria.usac.edu.gt','3090807970609','46195632',1),(1000,'Maria Isabel Masaya Córdova','silverisa17@gmail.com','3008418760101','47075459',1),(1001,'Julio And4es Solorzano Rosas','2963519890101@ingenieria.usac.edu.gt','2963519890101','0',1),(1002,'Fredy Samuel Quijada Ceballos','2289458600101@ingenieria.usac.edu.gt','2289458600101','48979882',1),(1003,'César André Ramírez Dávila','3781525560101@ingenieria.usac.edu.gt','3781525560101','42713005',1),(1004,'Javier Alfaro','2875988530101@ingenieria.usac.edu.gt','2875988530101','41023971',1),(1005,'Luis Alfredo Vejo Mendoza','luiisvejo@gmail.com','2205483820101','42150478',1),(1006,'Edmy Marleny Mendoza Pol','3647837370101@ingenieria.usac.edu.gt','3647837370101','43923790',1),(1007,'Salvador de Jesus López Bautista','lobje17@gmail.com','2054888970310','0',1),(1008,'Diego Andrés Dubón Samayoa','diegodubon03@gmail.com','3585618840101','30355643',1),(1009,'Omar Alejandro López Cifuentes','3005767650101@ingenieria.usac.edu.gt','3005767650101','58730915',1),(1010,'Kevin Estuardo Palacios Quiñonez','3001877180101@ingenieria.usac.edu.gt','3001877180101','58707766',1),(1011,'Samuel Andres Barrera Navarro','samnava961@gmail.com','3716039000101','58402853',1),(1012,'Lourdes Patricia Reyes Castillo','3506998280101@ingenieria.usac.edu.gt','3506998280101','41681848',1),(1013,'Manolo Ramirez Mazariegos','manolo.rrm@gmail.com','3544203480','0',1),(1014,'Hugo Jorge Luis Pérez Arana','3236666040511@ingenieria.usac.edu.gt','3236666040511','48676544',1),(1015,'Rosa Emilia Boche Naz','1763670630308@ingenieria.usac.edu.gt','1763670630308','0',1),(1016,'Josué Daniel Caal Torres','jdani555@gmail.com','2761632300101','50972655',1),(1017,'Diego Fernando Cortez Lopez','diego.fernando1399@gmail.com','3007437930101','31802373',1),(1018,'Naomi Rashel Yos Cujcuj','rashelyos28@gmail.com','3106841100407','41395590',1),(1019,'Josué Daniel Mínchez Velásquez','3643588740101@ingenieria.usac.edu.gt','3643588740101','35207760',1),(1020,'Alan Misael Carpio Garcia','allanmisael2@gmail.com','3008640430101','32146465',1),(1021,'Luis josue Choc boj','3037901480110@ingenieria.usac.edu.gt','3037901480110','41454606',1),(1022,'Kevin Ricardo Pinto Montenegro','2293405120101@ingenieria.usac.edu.gt','2293405120101','49206686',1),(1023,'Velveth Nayely Pérez Yas','3676666260101@ingenieria.usac.edu.gt','3676666260101','36107125',1),(1024,'Joshua Alexander Vasquez del Aguila','3031142310108@ingenieria.usac.edu.gt','3031142310108','49433688',1),(1025,'Josue Daniel SOlis Osorio','3678557980101@ingenieria.usac.edu.gt','3678557980101','0',1),(1026,'Carlos Daniel Chinchilla Chávez','2808469830101@ingenieria.usac.edu.gt','2808469830101','0',1),(1027,'Byron rubén Henrández de León','201806840byron.hernandez@gmail.com','3148224101301','40403483',1),(1028,'María Ceciilia Cotzajay López','3033707770108@ingenieria.usac.edu.gt','3033707770108','57189710',1),(1029,'Wilmer Estuardo Vasquez Raxon','3038170030110@ingenieria.usac.edu.gt','3038170030110','30785839',1),(1030,'Pablo Gerardo Schaart Calderon','pschaart@gmail.com','2988009340101','42106824',1),(1031,'Diego Pablo Pérez Alvarez','diegoalva1346@gmail.com','2963890720101','50380196',1),(1032,'Moisés Iván Daniel Alvarado García','alvaradomoises827@gmail.com','2893459010101','47114231',1),(1033,'Sergio Andrés Larios Fajardo','andreslariosfajardo@gmail.com','2989258770101','47706699',1),(1034,'Allan Josué Rafael Morales','allanmorales05@gmail.com','3361882181701','49554372',1),(1035,'Anderson Danilo Garcia Alvizures','2976112160101@ingenieria.usac.edu.gt','2976112160101','0',1),(1036,'Claudia Paola Alonzo Hernández','3006156390101@ingenieria.usac.edu.gt','3006156390101','0',1),(1037,'Dennis Adrián Solorzano Rivas','3013411920101@ingenieria.usac.edu.gt','3013411920101','32744611',1),(1038,'Luis Enrique Pirir Aguilar','luispirir@gmail.com','2504942720101','59110306',1),(1039,'Luis César Lizama Quiñónez','3014124990101@ingenieria.usac.edu.gt','3014124990101','31883508',1),(1040,'Katherine Serrano','michikatrins@gmail.com','2448724400101','58030767',1),(1041,'David Eduardo López Morales','davidlopezxd860@gmail.com','3007797120101','42865132',1),(1042,'Elder Ariel López Samol','el.ariel2296@gmail.com','3063391290315','54203744',1),(1043,'Elfego Francisco Melgar Raymundo','melgarelfego@gmail.com','2736583440102','0',1),(1044,'Josué David Quiej','david201906800@gmail.com','1985489900101','57730094',1),(1045,'Gonzalo Fernando Pérez Cazún','3513074510101@ingenieria.usac.edu.gt','3513074510101','54523071',1),(1046,'Estuardo Josué Vaquiax Reyes','3121958850413@ingenieria.usac.edu.gt','3121958850413','41980851',1),(1047,'Elder Obdulio Calderon Navarijo','eldercalderon1095@gmail.com','3672337111006','59047247',1),(1048,'Juan Sebastian Julajuj Zelada','sebastian.zelada@hotmail.es','3656535780101','55110889',1),(1049,'Sebastian antonio Romero Tzitzimit','romerotzitzimitsebastian@gmail.com','3531816760101','36246837',1),(1050,'Nery Oswaldo Jiménez Contreras','neryjim3@gmail.com','2997668450101','40149591',1),(1051,'Luisa María Ortíz Romero','luisamaria.ortiz17@gmail.com','3097853160612','45389816',1),(1052,'Alexis Marcó Tulio López Cacoj','Alexislc330@gmail.com','2992616970101','56081366',1),(1053,'Jens Jeremy Pablo Sosof','jens18.jp@gmail.com','3766935090101','41592404',1),(1054,'Raúl David Yoque Sum','yoque6@gmail.com','3785453610101','31914079',1),(1055,'Juan Pablo Samayoa Ruiz','jpsamayoaruiz@gmail.com','3664015720115','55871751',1),(1056,'Brandon Andy Jefferson Tejaxún Pichiyá','brandonteja02@gmail.com','3060571900304','54801007',1),(1057,'Angie Gabriela Bejarano Rodas','gabyrodas314@gmail.com','2808208600101','36246550',1),(1058,'Alexander Santiago Ceballos Gil','3552894900101@ingenieria.usac.edu.gt','3552894900101','51451225',1),(1059,'Luis Antonio Cutzal Chalí','cutzalluis@gmail.com','2842258270404','41201792',1),(1060,'Britany Alejandra Gonzalez Mendoza','3602525910101@ingenieria.usac.edu.gt','3602525910101','54966816',1),(1061,'Jefferson Gamaliel Molina Barrios','jeffersogmb7@gmail.com','3667576360101','47850323',1),(1062,'Kimberly alejandra','3531816760101@ingenieria.usac.edu.gt','3046117000115','40970670',1),(1063,'Jorge Alejandro De León Batres','georgealex.dlb@gmail.com','3009537710101','42661600',1),(1064,'José Pablo Medrano López','j11pmedrano@gmail.com','26791717111401','54970953',1),(1065,'Andrés Alejandro Agosto Méndez','alejandroagosto2012@gmail.com','2981747582009','42741641',1),(1066,'Samuel Isaí Muñoz Pereira','samuelmp7@gmail.com','2828200000312','33081444',1),(1067,'Oscar Fernando López Pirir','3018978320101@ingenieria.usac.edu.gt','3018978320101','59280276',1),(1068,'Andrea María Cabrera Rosito','3774322450101@ingenieria.usac.Edu.gt','3774322450101','45183439',1),(1069,'Jose Pablo Menard Pimentel','Menardjosecbsl@gmail.com','3021892970101','41582375',1),(1070,'Eduardo Andrés Cuevas Tzun','eduardoact310@gmail.com','3031934670108','35432783',1),(1071,'Erick Erasmo Jiménez Palacios','2816057340101@ingenieria.usac.edu.gt','2816057340101','56373324',1),(1072,'Marco Antonio Solis Gonzalez','tasolis2002@gmail.com','3007935290101','57050002',1),(1073,'Kemel Josué Efraín Ruano Jerónimo','jeronimokemel@gmail.com','2995297030101','38072347',1),(1074,'Iris carolina Paz Guzmán','Pazcarolina431@gmail.com','3003347020101','46586627',1),(1075,'Richard Alexandro Marroquín Arana','mrichardarana@gmail.com','3856280211603','33897295',1),(1076,'Oliver Esaú Menchú Recinos','Livemer17@gmail.com','2991 13418 0101','54653165',1),(1077,'Henry David Quel Santos','henryquel011@gmail.com','3680558330101','57106755',1),(1078,'Steve Mario Alejandro Alvarez Cifuentes','Stevemarioalvarez2004@gmail.com','3021 43483 0101','51218431',1),(1079,'KEWIN MASLOVY PATZAN TZUN','3034573840109@ingenieria.usac.edu.gt','3034573840109','33430081',1),(1080,'Isai Eliezer Magdiel Molina Guevara','magdiel.852@gmail.com','2862763450101','53167249',1),(1081,'José Daniel Lorenzana Medina','jodanielorenzana@gmail.com','3718164320101','41898354',1),(1082,'Sebastián Alejandro Velasquez Bonilla','Sbgamer43@gmail.com','3180242840501','37903297',1),(1083,'Abner Obed Orozco Aguilar','Abnerorozco269@gmail.com','2755504780101','47121848',1),(1084,'Luis René Yaquian Recinos','Luisren85@gmail.com','3854777400101','30019997',1),(1085,'Angela Paulina Rodriguez López','2659290670101@ingenieria.usac.edu.gt','2659290670101','59125500',1),(1086,'Luis Mariano Moreira García','Luisitom201@gmail.com','3784270590101','59280842',1),(1087,'José Leonel Lopez Ajvix','lopezajvixjoseleonel@gmail.com','3017067350101','42071997',1),(1088,'José  Luis Espinoza Jolón','Jespinozajolon@gmail.com','3524722860101','57379979',1),(1089,'Christian Samuel Brán Mazariegos','3223674251001@ingenieria.usac.edu.gt','3223674251001','58218615',1),(1090,'Evelyn Maricely Balcarcel Rivera','2003balcarcel.evelyn@gmail.com','3149328281501','40421568',1),(1091,'José David Góngora Olmedo','jdavidgongorao@gmail.com','3820239000101','41167996',1),(1092,'Joel Alexander Yol Patzan','3769850380101@ingenieria.usac.edu.gt','3769850380101','44265332',1),(1093,'Julio Estuardo Solorzano Sosa','julio.solorzanososa@gmail.com','3581960190101','54730080',1),(1094,'Jonatan Leonel Garcia Arana','3685713940101@ingenieria.usac.edu.gt','3685713940101','41295554',1),(1095,'Lesther Kevin Federico López Miculax','3010308470101@ingenieria.usac.edu.gt','3010308470101','49569838',1),(1096,'Billy David Must Ochoa','mustbilly900@gmail.com','2070858380116','48300914',1),(1097,'Mike Leonel Molina García','leo318x@gmail.com','2111340820101','0',1),(1098,'Luis Gustavo Morales Morales','luisg.moralesmorales@gmail.com','3535209180101','42938284',1),(1099,'Edson Armando Guix Manuel','edsonguix@gmail.com','3007975080101','39522758',1),(1100,'Rogelio Esteban Velasquez Castillo','tibivelcas@gmail.com','2989388040101','35196364',1),(1101,'Wilber Steven Zúñiga Ruano','3605181090101@ingenieria.usac.edu.gt','3605181090101','55530260',1),(1102,'Javier Andrés Valdez González','2991917610101@ingenieria.usac.edu.gt','2991917610101','40120007',1),(1103,'Eduardo Antonio Us Tiu','ed.ing.us.01@gmail.com','3048632540116','0',1),(1104,'Cesar Armando Garcia Franco','garciafranco615@gmail.com','3822209270101','38166353',1),(1105,'Sergio André Lima Corado','3007947540101@ingenieria.usac.edu.gt','3007947540101','41461125',1),(1106,'Luis Antonio Castillo Javier','luftdyc@gmail.com','3020186890101','57155245',1),(1107,'Marvin Francisco Paz Linares','3706588250101@ingenieria.usac.edu.gt','3706588250101','32684054',1),(1108,'Emily Angeline De León de León','3530717490101@ingenieria.usac.edu.gt','3530717490101','0',1),(1109,'Denilson Florentín de León Aguilar','2854362520911@ingenieria.usac.edu.gt','2854362520911','58660408',1),(1110,'Otoniel Alexander Hernández Arias','otonielaharias@gmail.com','2398871230108','57557437',1),(1111,'Osmar Noel Chacón Lemus','osmar19lemus@gmail.com','3003939460101','46093305',1),(1112,'Jhonatan Josué Tzunún Yax','jhonxsdk@gmail.com','3227943820801','0',1),(1113,'Josué Daniel Rojché García','2995284560101@ingenieria.usac.edu.gt','2995284560101','47817916',1),(1114,'Cristian Daniel Pereira Tezagüic','crstnpereira07@gmail.com','3013484210101','59302276',1),(1115,'Kevin Martin Samayoa Urizar','ingkevins@gmail.com','1693936230101','44010120',1),(1116,'Luis Diego de Leon Sanchez','3004606860101@ingenieria.usac.edu.gt','3004606860101','59131476',1),(1117,'Oward Francisco Alberí Sian Solis','owardsian99@gmail.com','2905255190116','49565965',1),(1118,'Tobías Rafael Zamora Santos','2921019450101@ingenieria.usac.edu.gt','2921019450101','30283499',1),(1119,'Luis Fernando Sánchez Soto','sanchez.fernando9821@gmail.com','3008003710101','41793240',1),(1120,'Angel Eduardo Tubac Simón','2991459990101@ingenieria.usac.edu.gt','2991459990101','58710551',1),(1121,'Oscar Cecilio Aguilón López','aguilon801@gmail.com','3301135501201','58607065',1),(1122,'Gladys Leticia Ajuchán Vicente','3009044520101@ingenieria.usac.edu.gt','3009044520101','33678141',1),(1123,'Carlos Raúl Rangel Robelo','carlosrangel2569@gmail.com','2854830480101','57993021',1),(1124,'Moises David Maldonado de León','3040048040110@ingenieria.usac.edu.gt','3040048040110','0',1),(1125,'Katherin Alejandra Galvez Chiroy','kateringa2002@gmail.com','3057796210301','42120052',1),(1126,'José Eduardo Galdámez González','2852993280301@ingenieria.usac.edu.gt','2852993280301','43840597',1),(1127,'Gerson Rubén Quiroa del Cid','3005563490101@ingenieria.usac.edu.gt','3005563490101','47339387',1),(1128,'Susel Eugenia Retana Arriola','sretanausac@gmail.com','3000853700101','41538434',1),(1129,'Daniel Reginaldo Dubón Rodríguez','danieldubon499@gmail.com','3179425811504','32751191',1),(1130,'Eduardo Tomás Ixén Rucuch','3109526890407@ingenieria.usac.edu.gt','3109526890407','40967168',1),(1131,'Katherin Fernanda Chun López ','katherinchun01@gmail.com','3048143850116','51584123',1),(1132,'Carlos Eduardo Soto Marroquin','carlos5231fac@gmail.com','3018554470101','45310880',1),(1133,'Dayrin Marcela Alecio Ramos','marcealecio17@gmail.com','3014169150101','47994728',1),(1134,'David Augusto Maldonado Hurtarte','3166326780904@ingenieria.usac.edu.gt','3166326780904','0',1),(1135,'Kevin Alfredo Lopez Rodriguez','2835388210101@ingenieria.usac.edu.gt','2835388210101','52207906',1),(1136,'Samuel Isaac Pérez Pérez','3607487240101@ingenieria.usac.edu.gt','3607487240101','58413073',1),(1137,'Miguel Alejandro Santos Pretzanzin','3787462510101@ingenieria.usac.edu.gt','3787462510101','0',1),(1138,'Rodrigo Eduardo Carcuz ortega','carcuz789@gmail.com','3060285490303','44681431',1),(1139,'RANDY EMMANUEL GARCIA MENDEZ','2992473330101@ingenieria.usac.edu.gt','2992473330101','36096561',1),(1140,'Pablo Alejandro Marroquin Cutz','Pabloalejandrocutz@gmail.com','3617319650101','44904563',1),(1141,'Moises Antonio Conde Hernandez','moises22c99@gmail.com','202000127','55293734',1),(1142,'Kevin Josué Calderón Peraza','kcalderon744@gmail.com','3011086840101','49569405',1),(1143,'Julio otoniel ordoñez navarijo','Redmoon01516@gmail.com','1693454830101','30166875',1),(1144,'Brayan Oswaldo Rojas Morales','brayan.rmorales2001@gmail.com','2997844600101','56976259',1),(1145,'Estiben Yair Lopez Leveron','yahirlopez380@gmail.com','3171685920906','33305195',1),(1146,'Andrea Ahinoam Marroquín Tino','aamarroquin11@gmail.com','3711599110101','34006801',1),(1147,'Isai Dardón Mayén','isaidardon13.es@gmail.com','3011101070101','49941857',1),(1148,'Bruce Carbonell Castillo Cifuentes','bccastillocifuentes@gmail.com','3666458380101','57149818',1),(1149,'Johan Moises Cardona Rosales','3602975440101@ingenieria.usac.edu.gt','3602975440101','33422023',1),(1150,'Ayeser Cristian Oxlaj Juárez','3153384150803@ingenieria.usac.edu.gt','3153384150803','49019305',1),(1151,'Byron Estuardo Solís González','solisbyron711@gmail.com','3048067140116','43482221',1),(1152,'Francisco Javier cetino mendez','3427516462205@ingenieria.usac.Edu.gt','3427516462205','40679081',1),(1153,'Karla Ernestina González Polanco','karlapolancogg@gmail.com','2914265142215','54816932',1),(1154,'Jose Carlos Jimenez','jose.522.vb@gmail.com','2996381970101','59621939',1),(1155,'Edin Montenegro','edinfusion@gmail.com','2181781580101','32975102',1),(1156,'Erickson Raúl Morales Archila','ericksonarchila28@gmail.com','3017781080101','59022531',1),(1157,'Angel Oswaldo Arteaga Garcia','angel.arteaga01.aa@gmail.com','3006137170101','42455873',1),(1158,'Ronald Oswaldo Macal de León','Bark_ronald@hotmail.com','2992193560101','30384071',1),(1159,'Dominic Juan Pablo Ruano Perez','Dojuparupe1975@gmail.com','3863542270101','54242726',1),(1160,'marilyn violeta lopez hernandez','2708425860101@ingenieria.usac.edu.gt','2708425860101','58406455',1),(1161,'Miguel Fernando Guirola Villalta','3002728550101@ingenieria.usac.edu.gt','3002728550101','0',1),(1162,'Juan José López Pérez','juanjolp.02@gmail.com','2987072170101','54620633',1),(1163,'Diego André Mazariegos Barrientos','3016552860101@ingenieria.usac.edu.gt','3016552860101','46882774',1),(1164,'Madeline Fabiola Prado Reyes','fabiolareyes7315@gmail.com','3942784100101','36679244',1),(1165,'Victor Alejandro Cuches de León','vcuches55@gmail.com','2994547970101','31377381',1),(1166,'Jencer Hamilton Hernández Alonzo','2835775410101@ingenieria.usac.edu.gt','2835775410101','37212887',1),(1167,'Luis Angel Barrera Velásquez','Luisbarrera5662@gmail.com','3214713690502','47450380',1),(1168,'Natalia Mariel Calderón Echeverría','3688125610101@ingenieria.usac.edu.gt','3688125610101','30168477',1),(1169,'Joab Israel Ajsivinac Ajsivinac','meso.israelajsivinac@gmail.com','3114791110409','35741775',1),(1170,'Angel Eduardo Marroquín Canizales','angeleduardo2012@gmail.com','3668270220101','42018782',1),(1171,'Luis Carlos Godoy Linares','2358882730101@ingenieria.usac.edu.gt','2358882730101','34027360',1),(1172,'Aarón Abdam Saravia Martínez','3023758800101@ingenieria.usac.edu.gt','3023758800101','32726390',1),(1173,'Herberth Abisai Avila Ruiz','ibiem3@gmail.com','2290317300401','54483149',1),(1174,'Sergio Rivelino Pérez Rivera','perez10serive@gmail.com','3606057100101','33999303',1),(1175,'Joel Alexander Guzaro Tzunun','3013146910101@ingenieria.usac.edu.gt','3013146910101','39470656',1),(1176,'Eduardo Andrés Cuevas Tzun ','eduardoact310@gmail.com ','3031934760108','35432783',1),(1177,'Diego Felipe Cali Morales','diegocali123@gmail.com','2897315340401','59235195',1),(1178,'Edin Rafael Santizo Barrera','edinsantizo.r@gmail.com','3017809780101','33978246',1),(1179,'Dany Wilfredo Hernández Reyes ','danywilfredodhr@gmail.com','2925115150101','40815433',1),(1180,'Helmouts David Gomez Chiquin','dg908968@gmail.com','3024016010101','37283614',1),(1181,'Luis Pablo Manuel García López ','lpvvs2013@gmail.com','3133456430901','51352042',1),(1182,'Pablo Antonio Girón Chuga ','pablogironch@gmail.com','3016220860101','58715679',1),(1183,'Pablo Jose Ortiz Linares ','pablo.ortiz1223498@gmail.com','3758142720101','41877278',1),(1184,'Jeymi Lucrecia Martínez García ','Jeymi.martinezg@gmail.com ','2187270460101','52231757',1),(1185,'Alvaro Josue Morales Rodriguez','3021420020101@ingenieria.usac.edu.gt','3021420020101','40905407',1),(1186,'Carlos Fernando Enrique López García ','3012834780101@ingenieria.usac.edu.gt','3012834780101','41586841',1),(1187,'Sebastián Edgardo Godoy Salvatierra','3742753000101@ingenieria.usac.edu.gt','3742753000101','50166208',1),(1188,'DANIEL ALEXANDER BARRERA FIGUEROA','danielbf151100@gmail.com','2986642020101','40552035',1),(1189,'Brayan Hamllelo Estevem Prado Marroquín','brayanpradomarroquin9@gmail.com','2995454660101','35941337',1),(1190,'Osmar Abdel Peña Santizo','osmarsantizo@gmail.com','3000336440101','31771200',1),(1191,'Genesis Nahomi Aparicio Acan','Genesis.acan@gmail.com','3072986550401','56198353',1),(1192,'Max Rodrigo Durán Canteo','2997082920101@ingenieria.usac.edu.gt','2997082920101','42969271',1),(1193,'Juan Josue Zuleta Beb','2971250870108@ingenieria.usac.edu.gt','2971250870108','42462799',1),(1194,'Alan Rodrigo Pamal De León','3011101580101@ingenieria.usac.edu.gt','3011101580101','37281203',1),(1195,'Juan Carlos David Gomez Chanax','3001599350101@ingenieria.usac.edu.gt','3001599350101','59110234',1),(1196,'José Domingo Tubac Chocón','jhosdimax@gmail.com','2612118380110','57824009',1),(1197,'Jose Fernando Alvarez Morales','3010653490101@ingenieria.usac.edu.gt','301065349010q','35219722',1),(1198,'Joshua Estuardo Franco Equite','joshuafranco98@gmail.com','3031289330108','33487682',1),(1199,'Sergio Alfonso Ferrer García','ssergioferrer@gmail.com','2529952520101','58766609',1),(1200,'Jaquelyn Carolina Chitay Lux','3261799091401@ingenieria.usac.edu.gt','3261799091401','40144736',1),(1201,'Eddy Alejandro Murga Barillas','barillaseddym@gmail.com','2552889210101','35185441',1),(1202,'Daniel Alejandro Orozco Melgar','dorozcomelgar@gmail.com','3001437100101','58118164',1),(1203,'Christian Alessander Blanco González','blancochristian7@gmail.com','3617836980101','55938388',1),(1204,'David Eduardo Matias Ramirez','davidmatias10@outlook.es','3520690310101','57504943',1);
/*!40000 ALTER TABLE `usuarios` ENABLE KEYS */;
UNLOCK TABLES;

--
-- Dumping routines for database 'certificados_tecsify'
--
/*!40103 SET TIME_ZONE=@OLD_TIME_ZONE */;

/*!40101 SET SQL_MODE=@OLD_SQL_MODE */;
/*!40014 SET FOREIGN_KEY_CHECKS=@OLD_FOREIGN_KEY_CHECKS */;
/*!40014 SET UNIQUE_CHECKS=@OLD_UNIQUE_CHECKS */;
/*!40101 SET CHARACTER_SET_CLIENT=@OLD_CHARACTER_SET_CLIENT */;
/*!40101 SET CHARACTER_SET_RESULTS=@OLD_CHARACTER_SET_RESULTS */;
/*!40101 SET COLLATION_CONNECTION=@OLD_COLLATION_CONNECTION */;
/*!40111 SET SQL_NOTES=@OLD_SQL_NOTES */;

-- Dump completed on 2023-10-17  1:43:56
